{"connections":{":timer":{"connector":{"actions":[{"actionType":"connector","description":"Specify an amount of time and its unit to periodically trigger integration execution. ","descriptor":{"componentScheme":"timer","configuredProperties":{"timerName":"syndesis-timer"},"inputDataShape":{"kind":"none"},"outputDataShape":{"kind":"none"},"propertyDefinitionSteps":[{"description":"Period","name":"Period","properties":{"period":{"componentProperty":false,"defaultValue":"60000","deprecated":false,"description":"Period","displayName":"Period","javaType":"long","kind":"parameter","labelHint":"Delay between each execution of the integration.","required":true,"secret":false,"type":"duration"}}}]},"id":"io.syndesis:timer-action","name":"Simple","pattern":"From"},{"actionType":"connector","description":"Specify a cron utility expression for a more complex integration execution schedule.","descriptor":{"componentScheme":"quartz2","configuredProperties":{"triggerName":"syndesis-quartz"},"inputDataShape":{"kind":"none"},"outputDataShape":{"kind":"none"},"propertyDefinitionSteps":[{"description":"Cron","name":"cron","properties":{"cron":{"componentProperty":false,"defaultValue":"0 0/1 * * * ?","deprecated":false,"description":"A cron expression, for example the expression for every minute is 0 0/1 * * * ?","displayName":"Cron Expression","javaType":"string","kind":"parameter","labelHint":"Delay between scheduling (executing) the integration expressed as a cron expression","required":true,"secret":false,"type":"string"}}}]},"id":"io.syndesis:timer-chron","name":"Cron","pattern":"From"}],"dependencies":[{"id":"io.syndesis.connector:connector-timer:1.9-SNAPSHOT","type":"MAVEN"},{"id":"org.apache.camel:camel-quartz2:2.21.0.fuse-750029","type":"MAVEN"}],"description":"Trigger events based on an interval or a quartz expression","icon":"assets:timer.svg","id":"timer","metadata":{"hide-from-connection-pages":"true"},"name":"Timer","version":1},"connectorId":"timer","description":"Trigger integration execution based on an interval or a cron expression","icon":"assets:timer.svg","id":"timer","isDerived":false,"metadata":{"hide-from-connection-pages":"true"},"name":"Timer","uses":0}},"connectors":{":timer":{"actions":[{"actionType":"connector","description":"Specify an amount of time and its unit to periodically trigger integration execution. ","descriptor":{"componentScheme":"timer","configuredProperties":{"timerName":"syndesis-timer"},"inputDataShape":{"kind":"none"},"outputDataShape":{"kind":"none"},"propertyDefinitionSteps":[{"description":"Period","name":"Period","properties":{"period":{"componentProperty":false,"defaultValue":"60000","deprecated":false,"description":"Period","displayName":"Period","javaType":"long","kind":"parameter","labelHint":"Delay between each execution of the integration.","required":true,"secret":false,"type":"duration"}}}]},"id":"io.syndesis:timer-action","name":"Simple","pattern":"From"},{"actionType":"connector","description":"Specify a cron utility expression for a more complex integration execution schedule.","descriptor":{"componentScheme":"quartz2","configuredProperties":{"triggerName":"syndesis-quartz"},"inputDataShape":{"kind":"none"},"outputDataShape":{"kind":"none"},"propertyDefinitionSteps":[{"description":"Cron","name":"cron","properties":{"cron":{"componentProperty":false,"defaultValue":"0 0/1 * * * ?","deprecated":false,"description":"A cron expression, for example the expression for every minute is 0 0/1 * * * ?","displayName":"Cron Expression","javaType":"string","kind":"parameter","labelHint":"Delay between scheduling (executing) the integration expressed as a cron expression","required":true,"secret":false,"type":"string"}}}]},"id":"io.syndesis:timer-chron","name":"Cron","pattern":"From"}],"dependencies":[{"id":"io.syndesis.connector:connector-timer:1.9-SNAPSHOT","type":"MAVEN"},{"id":"org.apache.camel:camel-quartz2:2.21.0.fuse-750029","type":"MAVEN"}],"description":"Trigger events based on an interval or a quartz expression","icon":"assets:timer.svg","id":"timer","metadata":{"hide-from-connection-pages":"true"},"name":"Timer","version":1}},"environments":{":i-LrlpkvX4AsHWpvpJJIIz":{"id":"i-LrlpkvX4AsHWpvpJJIIz","name":"test"}},"integrations":{":i-Lrk8ptf4AsHWpvpJJI-z":{"continuousDeliveryState":{"i-LrlpkvX4AsHWpvpJJIIz":{"environmentId":"i-LrlpkvX4AsHWpvpJJIIz","lastTaggedAt":1571720474734,"releaseTag":"i-Lrlpn0n4AsHWpvpJJIJz"}},"createdAt":1571692174955,"flows":[{"id":"-Lrk8fl7K5byAq-Qk2Gr","steps":[{"action":{"actionType":"connector","description":"Specify an amount of time and its unit to periodically trigger integration execution. ","descriptor":{"componentScheme":"timer","configuredProperties":{"timerName":"syndesis-timer"},"inputDataShape":{"kind":"none"},"outputDataShape":{"kind":"none"},"propertyDefinitionSteps":[{"description":"Period","name":"Period","properties":{"period":{"componentProperty":false,"defaultValue":"60000","deprecated":false,"description":"Period","displayName":"Period","javaType":"long","kind":"parameter","labelHint":"Delay between each execution of the integration.","required":true,"secret":false,"type":"duration"}}}]},"id":"io.syndesis:timer-action","name":"Simple","pattern":"From"},"configuredProperties":{"period":"900000"},"connection":{"connector":{"actions":[{"actionType":"connector","description":"Specify an amount of time and its unit to periodically trigger integration execution. ","descriptor":{"componentScheme":"timer","configuredProperties":{"timerName":"syndesis-timer"},"inputDataShape":{"kind":"none"},"outputDataShape":{"kind":"none"},"propertyDefinitionSteps":[{"description":"Period","name":"Period","properties":{"period":{"componentProperty":false,"defaultValue":"60000","deprecated":false,"description":"Period","displayName":"Period","javaType":"long","kind":"parameter","labelHint":"Delay between each execution of the integration.","required":true,"secret":false,"type":"duration"}}}]},"id":"io.syndesis:timer-action","name":"Simple","pattern":"From"},{"actionType":"connector","description":"Specify a cron utility expression for a more complex integration execution schedule.","descriptor":{"componentScheme":"quartz2","configuredProperties":{"triggerName":"syndesis-quartz"},"inputDataShape":{"kind":"none"},"outputDataShape":{"kind":"none"},"propertyDefinitionSteps":[{"description":"Cron","name":"cron","properties":{"cron":{"componentProperty":false,"defaultValue":"0 0/1 * * * ?","deprecated":false,"description":"A cron expression, for example the expression for every minute is 0 0/1 * * * ?","displayName":"Cron Expression","javaType":"string","kind":"parameter","labelHint":"Delay between scheduling (executing) the integration expressed as a cron expression","required":true,"secret":false,"type":"string"}}}]},"id":"io.syndesis:timer-chron","name":"Cron","pattern":"From"}],"dependencies":[{"id":"io.syndesis.connector:connector-timer:1.9-SNAPSHOT","type":"MAVEN"},{"id":"org.apache.camel:camel-quartz2:2.21.0.fuse-750029","type":"MAVEN"}],"description":"Trigger events based on an interval or a quartz expression","icon":"assets:timer.svg","id":"timer","metadata":{"hide-from-connection-pages":"true"},"name":"Timer","version":1},"connectorId":"timer","description":"Trigger integration execution based on an interval or a cron expression","icon":"assets:timer.svg","id":"timer","isDerived":false,"metadata":{"hide-from-connection-pages":"true"},"name":"Timer","uses":0},"id":"-Lrk8jeaK5byAq-Qk2Gr","metadata":{"configured":"true"},"stepKind":"endpoint"},{"configuredProperties":{"bodyLoggingEnabled":"true","contextLoggingEnabled":"false"},"id":"-Lrk8kgRK5byAq-Qk2Gr","metadata":{"configured":"true"},"name":"Log","stepKind":"log"}],"tags":["timer"],"type":"PRIMARY"}],"id":"i-Lrk8ptf4AsHWpvpJJI-z","name":"timer-to-log","tags":["timer"],"updatedAt":0,"version":1},":i-Lrk8wji4AsHWpvpJJI1z":{"continuousDeliveryState":{"i-LrlpkvX4AsHWpvpJJIIz":{"environmentId":"i-LrlpkvX4AsHWpvpJJIIz","lastTaggedAt":1571720474734,"releaseTag":"i-Lrlpn1J4AsHWpvpJJIKz"}},"createdAt":1571692202990,"flows":[{"id":"-Lrk8noLK5byAq-Qk2Gr","steps":[{"action":{"actionType":"connector","description":"Specify an amount of time and its unit to periodically trigger integration execution. ","descriptor":{"componentScheme":"timer","configuredProperties":{"timerName":"syndesis-timer"},"inputDataShape":{"kind":"none"},"outputDataShape":{"kind":"none"},"propertyDefinitionSteps":[{"description":"Period","name":"Period","properties":{"period":{"componentProperty":false,"defaultValue":"60000","deprecated":false,"description":"Period","displayName":"Period","javaType":"long","kind":"parameter","labelHint":"Delay between each execution of the integration.","required":true,"secret":false,"type":"duration"}}}]},"id":"io.syndesis:timer-action","name":"Simple","pattern":"From"},"configuredProperties":{"period":"1200000"},"connection":{"connector":{"actions":[{"actionType":"connector","description":"Specify an amount of time and its unit to periodically trigger integration execution. ","descriptor":{"componentScheme":"timer","configuredProperties":{"timerName":"syndesis-timer"},"inputDataShape":{"kind":"none"},"outputDataShape":{"kind":"none"},"propertyDefinitionSteps":[{"description":"Period","name":"Period","properties":{"period":{"componentProperty":false,"defaultValue":"60000","deprecated":false,"description":"Period","displayName":"Period","javaType":"long","kind":"parameter","labelHint":"Delay between each execution of the integration.","required":true,"secret":false,"type":"duration"}}}]},"id":"io.syndesis:timer-action","name":"Simple","pattern":"From"},{"actionType":"connector","description":"Specify a cron utility expression for a more complex integration execution schedule.","descriptor":{"componentScheme":"quartz2","configuredProperties":{"triggerName":"syndesis-quartz"},"inputDataShape":{"kind":"none"},"outputDataShape":{"kind":"none"},"propertyDefinitionSteps":[{"description":"Cron","name":"cron","properties":{"cron":{"componentProperty":false,"defaultValue":"0 0/1 * * * ?","deprecated":false,"description":"A cron expression, for example the expression for every minute is 0 0/1 * * * ?","displayName":"Cron Expression","javaType":"string","kind":"parameter","labelHint":"Delay between scheduling (executing) the integration expressed as a cron expression","required":true,"secret":false,"type":"string"}}}]},"id":"io.syndesis:timer-chron","name":"Cron","pattern":"From"}],"dependencies":[{"id":"io.syndesis.connector:connector-timer:1.9-SNAPSHOT","type":"MAVEN"},{"id":"org.apache.camel:camel-quartz2:2.21.0.fuse-750029","type":"MAVEN"}],"description":"Trigger events based on an interval or a quartz expression","icon":"assets:timer.svg","id":"timer","metadata":{"hide-from-connection-pages":"true"},"name":"Timer","version":1},"connectorId":"timer","description":"Trigger integration execution based on an interval or a cron expression","icon":"assets:timer.svg","id":"timer","isDerived":false,"metadata":{"hide-from-connection-pages":"true"},"name":"Timer","uses":0},"id":"-Lrk8qjTK5byAq-Qk2Gr","metadata":{"configured":"true"},"stepKind":"endpoint"},{"configuredProperties":{"bodyLoggingEnabled":"true","contextLoggingEnabled":"false"},"id":"-Lrk8rgnK5byAq-Qk2Gr","metadata":{"configured":"true"},"name":"Log","stepKind":"log"}],"tags":["timer"],"type":"PRIMARY"}],"id":"i-Lrk8wji4AsHWpvpJJI1z","name":"timer-to-log2","tags":["timer"],"updatedAt":0,"version":1}}}