{"connections":{":timer":{"connector":{"actions":[{"actionType":"connector","description":"Specify an amount of time and its unit to periodically trigger integration execution. ","descriptor":{"componentScheme":"timer","configuredProperties":{"timerName":"syndesis-timer"},"inputDataShape":{"kind":"none"},"outputDataShape":{"kind":"none"},"propertyDefinitionSteps":[{"description":"Period","name":"Period","properties":{"period":{"componentProperty":false,"defaultValue":"60000","deprecated":false,"description":"Period","displayName":"Period","javaType":"long","kind":"parameter","labelHint":"Delay between each execution of the integration.","required":true,"secret":false,"type":"duration"}}}]},"id":"io.syndesis:timer-action","name":"Simple","pattern":"From"},{"actionType":"connector","description":"Specify a cron utility expression for a more complex integration execution schedule.","descriptor":{"componentScheme":"quartz2","configuredProperties":{"triggerName":"syndesis-quartz"},"inputDataShape":{"kind":"none"},"outputDataShape":{"kind":"none"},"propertyDefinitionSteps":[{"description":"Cron","name":"cron","properties":{"cron":{"componentProperty":false,"defaultValue":"0 0/1 * * * ?","deprecated":false,"description":"A cron expression, for example the expression for every minute is 0 0/1 * * * ?","displayName":"Cron Expression","javaType":"string","kind":"parameter","labelHint":"Delay between scheduling (executing) the integration expressed as a cron expression","required":true,"secret":false,"type":"string"}}}]},"id":"io.syndesis:timer-chron","name":"Cron","pattern":"From"}],"dependencies":[{"id":"io.syndesis.connector:connector-timer:1.8-SNAPSHOT","type":"MAVEN"},{"id":"org.apache.camel:camel-quartz2:2.21.0.fuse-750007","type":"MAVEN"}],"description":"Trigger events based on an interval or a quartz expression","icon":"assets:timer.svg","id":"timer","metadata":{"hide-from-connection-pages":"true"},"name":"Timer","version":9},"connectorId":"timer","description":"Trigger integration execution based on an interval or a cron expression","icon":"assets:timer.svg","id":"timer","isDerived":false,"metadata":{"hide-from-connection-pages":"true"},"name":"Timer","uses":0}},"connectors":{":timer":{"actions":[{"actionType":"connector","description":"Specify an amount of time and its unit to periodically trigger integration execution. ","descriptor":{"componentScheme":"timer","configuredProperties":{"timerName":"syndesis-timer"},"inputDataShape":{"kind":"none"},"outputDataShape":{"kind":"none"},"propertyDefinitionSteps":[{"description":"Period","name":"Period","properties":{"period":{"componentProperty":false,"defaultValue":"60000","deprecated":false,"description":"Period","displayName":"Period","javaType":"long","kind":"parameter","labelHint":"Delay between each execution of the integration.","required":true,"secret":false,"type":"duration"}}}]},"id":"io.syndesis:timer-action","name":"Simple","pattern":"From"},{"actionType":"connector","description":"Specify a cron utility expression for a more complex integration execution schedule.","descriptor":{"componentScheme":"quartz2","configuredProperties":{"triggerName":"syndesis-quartz"},"inputDataShape":{"kind":"none"},"outputDataShape":{"kind":"none"},"propertyDefinitionSteps":[{"description":"Cron","name":"cron","properties":{"cron":{"componentProperty":false,"defaultValue":"0 0/1 * * * ?","deprecated":false,"description":"A cron expression, for example the expression for every minute is 0 0/1 * * * ?","displayName":"Cron Expression","javaType":"string","kind":"parameter","labelHint":"Delay between scheduling (executing) the integration expressed as a cron expression","required":true,"secret":false,"type":"string"}}}]},"id":"io.syndesis:timer-chron","name":"Cron","pattern":"From"}],"dependencies":[{"id":"io.syndesis.connector:connector-timer:1.8-SNAPSHOT","type":"MAVEN"},{"id":"org.apache.camel:camel-quartz2:2.21.0.fuse-750007","type":"MAVEN"}],"description":"Trigger events based on an interval or a quartz expression","icon":"assets:timer.svg","id":"timer","metadata":{"hide-from-connection-pages":"true"},"name":"Timer","version":9}},"integrations":{":i-LoPjkms-IsRYpm8Mm8Nz":{"createdAt":1568111791288,"flows":[{"id":"-LoPjZoCwzUbQncUbSd-","steps":[{"action":{"actionType":"connector","description":"Specify an amount of time and its unit to periodically trigger integration execution. ","descriptor":{"componentScheme":"timer","configuredProperties":{"timerName":"syndesis-timer"},"inputDataShape":{"kind":"none"},"outputDataShape":{"kind":"none"},"propertyDefinitionSteps":[{"description":"Period","name":"Period","properties":{"period":{"componentProperty":false,"defaultValue":"60000","deprecated":false,"description":"Period","displayName":"Period","javaType":"long","kind":"parameter","labelHint":"Delay between each execution of the integration.","required":true,"secret":false,"type":"duration"}}}]},"id":"io.syndesis:timer-action","name":"Simple","pattern":"From"},"configuredProperties":{"period":"10000"},"connection":{"connector":{"actions":[{"actionType":"connector","description":"Specify an amount of time and its unit to periodically trigger integration execution. ","descriptor":{"componentScheme":"timer","configuredProperties":{"timerName":"syndesis-timer"},"inputDataShape":{"kind":"none"},"outputDataShape":{"kind":"none"},"propertyDefinitionSteps":[{"description":"Period","name":"Period","properties":{"period":{"componentProperty":false,"defaultValue":"60000","deprecated":false,"description":"Period","displayName":"Period","javaType":"long","kind":"parameter","labelHint":"Delay between each execution of the integration.","required":true,"secret":false,"type":"duration"}}}]},"id":"io.syndesis:timer-action","name":"Simple","pattern":"From"},{"actionType":"connector","description":"Specify a cron utility expression for a more complex integration execution schedule.","descriptor":{"componentScheme":"quartz2","configuredProperties":{"triggerName":"syndesis-quartz"},"inputDataShape":{"kind":"none"},"outputDataShape":{"kind":"none"},"propertyDefinitionSteps":[{"description":"Cron","name":"cron","properties":{"cron":{"componentProperty":false,"defaultValue":"0 0/1 * * * ?","deprecated":false,"description":"A cron expression, for example the expression for every minute is 0 0/1 * * * ?","displayName":"Cron Expression","javaType":"string","kind":"parameter","labelHint":"Delay between scheduling (executing) the integration expressed as a cron expression","required":true,"secret":false,"type":"string"}}}]},"id":"io.syndesis:timer-chron","name":"Cron","pattern":"From"}],"dependencies":[{"id":"io.syndesis.connector:connector-timer:1.8-SNAPSHOT","type":"MAVEN"},{"id":"org.apache.camel:camel-quartz2:2.21.0.fuse-750007","type":"MAVEN"}],"description":"Trigger events based on an interval or a quartz expression","icon":"assets:timer.svg","id":"timer","metadata":{"hide-from-connection-pages":"true"},"name":"Timer","version":9},"connectorId":"timer","description":"Trigger integration execution based on an interval or a cron expression","icon":"assets:timer.svg","id":"timer","isDerived":false,"metadata":{"hide-from-connection-pages":"true"},"name":"Timer","uses":0},"id":"-LoPjdBjwzUbQncUbSd-","metadata":{"configured":"true"},"stepKind":"endpoint"},{"configuredProperties":{"bodyLoggingEnabled":"false","contextLoggingEnabled":"false","customText":"Hello World"},"id":"-LoPjgUOwzUbQncUbSd-","metadata":{"configured":"true"},"name":"Log","stepKind":"log"}],"tags":["timer"],"type":"PRIMARY"}],"id":"i-LoPjkms-IsRYpm8Mm8Nz","name":"Hello World","tags":["timer"],"updatedAt":0,"version":1}}}