{"connections":{":5":{"configuredProperties":{"password":"»ENC:abdfcd8b1328d29ae17120f4f239c2a9f08a36db2fb2e706b3e52fe9e58f0cb20fa312c088c2671c4e0e45640c6b25b3","schema":"sampledb","url":"jdbc:postgresql://syndesis-db:5432/sampledb","user":"sampledb"},"connector":{"actions":[{"actionType":"connector","description":"Invoke SQL to obtain, store, update, or delete data.","descriptor":{"componentScheme":"sql","connectorCustomizers":["io.syndesis.connector.sql.customizer.SqlConnectorCustomizer"],"inputDataShape":{"kind":"json-schema"},"outputDataShape":{"kind":"json-schema"},"propertyDefinitionSteps":[{"description":"Enter a SQL statement that starts with INSERT, SELECT, UPDATE or DELETE.","name":"SQL statement","properties":{"batch":{"defaultValue":false,"deprecated":false,"displayName":"Batch update","group":"common","javaType":"java.lang.Boolean","kind":"property","labelHint":"Use prepared statements for INSERT, UPDATE, DELETE in order to update multiple rows with batch update.","order":2,"required":false,"secret":false,"type":"boolean"},"query":{"deprecated":false,"displayName":"SQL statement","group":"common","javaType":"java.lang.String","kind":"path","labelHint":"SQL statement to be executed. Can contain input parameters prefixed by ':#'.","order":1,"placeholder":"for example ':#MYPARAMNAME'","required":true,"secret":false,"type":"dataList"},"raiseErrorOnNotFound":{"defaultValue":false,"deprecated":false,"displayName":"Raise error when record not found","group":"common","javaType":"java.lang.Boolean","kind":"property","labelHint":"Error when no records are selected, updated or deleted","order":3,"required":false,"secret":false,"type":"boolean"}}}],"standardizedErrors":[{"displayName":"DataAccessError","name":"DATA_ACCESS_ERROR"},{"displayName":"EntityNotFoundError","name":"ENTITY_NOT_FOUND_ERROR"},{"displayName":"DuplicateKeyError","name":"DUPLICATE_KEY_ERROR"},{"displayName":"ConnectorError","name":"CONNECTOR_ERROR"}]},"id":"sql-connector","name":"Invoke SQL","pattern":"To","tags":["dynamic"]},{"actionType":"connector","description":"Periodically invoke SQL to obtain data.","descriptor":{"componentScheme":"sql","connectorCustomizers":["io.syndesis.connector.sql.customizer.SqlStartConnectorCustomizer"],"inputDataShape":{"kind":"none"},"outputDataShape":{"kind":"json-schema"},"propertyDefinitionSteps":[{"description":"Enter a SQL statement that returns results, such as SELECT.","name":"SQL statement","properties":{"isRaiseErrorOnNotFound":{"deprecated":false,"displayName":"Raise NotFoundError","group":"consumer","javaType":"java.lang.Boolean","kind":"parameter","labelHint":"Raise NotFoundError if no records are inserted, updated, selected or deleted","order":3,"required":false,"secret":false,"type":"boolean"},"query":{"deprecated":false,"displayName":"SQL statement","group":"common","javaType":"java.lang.String","kind":"path","labelHint":"SQL statement to be executed.","order":1,"required":true,"secret":false,"type":"dataList"},"schedulerExpression":{"defaultValue":60000,"deprecated":false,"displayName":"Period","group":"consumer","javaType":"long","kind":"parameter","labelHint":"Delay between scheduling (executing).","order":2,"required":false,"secret":false,"type":"duration"}}}]},"id":"sql-start-connector","name":"Periodic SQL invocation","pattern":"From","tags":["dynamic"]},{"actionType":"connector","description":"Invoke a stored procedure.","descriptor":{"componentScheme":"sql-stored","connectorCustomizers":["io.syndesis.connector.sql.customizer.SqlStoredConnectorCustomizer"],"inputDataShape":{"kind":"json-schema"},"outputDataShape":{"kind":"json-schema"},"propertyDefinitionSteps":[{"description":"Select the stored procedure.","name":"Procedure name","properties":{"procedureName":{"componentProperty":true,"deprecated":false,"displayName":"Procedure name","group":"common","javaType":"java.lang.String","kind":"property","labelHint":"Name of the stored procedure.","required":false,"secret":false,"type":"select"},"template":{"componentProperty":false,"deprecated":false,"displayName":"Template","group":"producer","javaType":"java.lang.String","kind":"path","labelHint":"Stored procedure template to perform.","required":false,"secret":false,"type":"hidden"}}}]},"id":"sql-stored-connector","name":"Invoke stored procedure","pattern":"To","tags":["dynamic"]},{"actionType":"connector","description":"Periodically invoke a stored procedure.","descriptor":{"componentScheme":"sql-stored","connectorCustomizers":["io.syndesis.connector.sql.customizer.SqlStartStoredConnectorCustomizer"],"inputDataShape":{"kind":"none"},"outputDataShape":{"kind":"json-schema"},"propertyDefinitionSteps":[{"description":"Select the stored procedure.","name":"Procedure name","properties":{"procedureName":{"componentProperty":true,"deprecated":false,"displayName":"Procedure name","group":"producer","javaType":"java.lang.String","kind":"path","labelHint":"Name of the stored procedure.","required":true,"secret":false,"type":"select"},"schedulerExpression":{"defaultValue":60000,"deprecated":false,"displayName":"Period","group":"consumer","javaType":"long","kind":"parameter","labelHint":"Delay between scheduling (executing).","required":false,"secret":false,"type":"duration"},"template":{"componentProperty":false,"deprecated":false,"displayName":"Template","group":"producer","javaType":"java.lang.String","kind":"path","labelHint":"Stored Procedure template to perform.","required":true,"secret":false,"type":"hidden"}}}]},"id":"sql-stored-start-connector","name":"Periodic stored procedure invocation","pattern":"From","tags":["dynamic"]}],"connectorCustomizers":["io.syndesis.connector.sql.customizer.DataSourceCustomizer"],"dependencies":[{"id":"io.syndesis.connector:connector-sql:2.0-SNAPSHOT","type":"MAVEN"},{"id":"jdbc-driver","type":"EXTENSION_TAG"}],"description":"Invoke SQL to obtain, store, update, or delete data.","icon":"assets:sql.svg","id":"sql","name":"Database","properties":{"password":{"componentProperty":true,"deprecated":false,"displayName":"Password","group":"security","javaType":"java.lang.String","kind":"property","label":"common,security","labelHint":"Password for the database connection.","order":3,"required":true,"secret":true,"type":"string"},"schema":{"componentProperty":true,"deprecated":false,"displayName":"Schema","group":"common","javaType":"java.lang.String","kind":"property","label":"common","labelHint":"Database schema.","order":4,"required":false,"secret":false,"type":"string"},"url":{"componentProperty":true,"deprecated":false,"displayName":"Connection URL","group":"common","javaType":"java.lang.String","kind":"property","labelHint":"JDBC URL of the database.","order":1,"required":true,"secret":false,"type":"string"},"user":{"componentProperty":true,"deprecated":false,"displayName":"Username","group":"common","javaType":"java.lang.String","kind":"property","labelHint":"Username for the database connection.","order":2,"required":true,"secret":false,"type":"string"}},"tags":["verifier"],"version":1},"connectorId":"sql","description":"Connection to SampleDB","icon":"assets:sql.svg","id":"5","isDerived":false,"name":"PostgresDB","tags":["sampledb"],"uses":0},":flow":{"connector":{"actions":[{"actionType":"connector","description":"Start a Syndesis integration flow","descriptor":{"componentScheme":"direct","inputDataShape":{"kind":"none","name":"No shape"},"outputDataShape":{"kind":"any","name":"Any shape"},"propertyDefinitionSteps":[{"description":"Flow start configuration","name":"configuration","properties":{"name":{"componentProperty":false,"deprecated":false,"description":"The flow identifier used to route messages to","displayName":"Flow ID","javaType":"String","kind":"parameter","required":true,"secret":false,"type":"hidden"}}}]},"id":"io.syndesis:flow-start","name":"Flow Start","pattern":"From"},{"actionType":"connector","description":"End action of Syndesis integrations flow","descriptor":{"componentScheme":"bean","configuredProperties":{"beanName":"io.syndesis.connector.flow.NoOpBean","method":"process"},"inputDataShape":{"kind":"any"},"outputDataShape":{"kind":"none"}},"id":"io.syndesis:flow-end","name":"Flow End","pattern":"To"}],"dependencies":[{"id":"io.syndesis.connector:connector-flow:2.0-SNAPSHOT","type":"MAVEN"}],"description":"Connect with flows using direct endpoint","icon":"assets:flow.svg","id":"flow","metadata":{"hide-from-connection-pages":"true","hide-from-step-select":"true"},"name":"Flow","version":1},"connectorId":"flow","description":"Connect with different flows using direct endpoint","icon":"assets:flow.svg","id":"flow","isDerived":false,"metadata":{"hide-from-connection-pages":"true","hide-from-step-select":"true"},"name":"Flow","uses":0}},"connectors":{":flow":{"actions":[{"actionType":"connector","description":"Start a Syndesis integration flow","descriptor":{"componentScheme":"direct","inputDataShape":{"kind":"none","name":"No shape"},"outputDataShape":{"kind":"any","name":"Any shape"},"propertyDefinitionSteps":[{"description":"Flow start configuration","name":"configuration","properties":{"name":{"componentProperty":false,"deprecated":false,"description":"The flow identifier used to route messages to","displayName":"Flow ID","javaType":"String","kind":"parameter","required":true,"secret":false,"type":"hidden"}}}]},"id":"io.syndesis:flow-start","name":"Flow Start","pattern":"From"},{"actionType":"connector","description":"End action of Syndesis integrations flow","descriptor":{"componentScheme":"bean","configuredProperties":{"beanName":"io.syndesis.connector.flow.NoOpBean","method":"process"},"inputDataShape":{"kind":"any"},"outputDataShape":{"kind":"none"}},"id":"io.syndesis:flow-end","name":"Flow End","pattern":"To"}],"dependencies":[{"id":"io.syndesis.connector:connector-flow:2.0-SNAPSHOT","type":"MAVEN"}],"description":"Connect with flows using direct endpoint","icon":"assets:flow.svg","id":"flow","metadata":{"hide-from-connection-pages":"true","hide-from-step-select":"true"},"name":"Flow","version":1},":sql":{"actions":[{"actionType":"connector","description":"Invoke SQL to obtain, store, update, or delete data.","descriptor":{"componentScheme":"sql","connectorCustomizers":["io.syndesis.connector.sql.customizer.SqlConnectorCustomizer"],"inputDataShape":{"kind":"json-schema"},"outputDataShape":{"kind":"json-schema"},"propertyDefinitionSteps":[{"description":"Enter a SQL statement that starts with INSERT, SELECT, UPDATE or DELETE.","name":"SQL statement","properties":{"batch":{"defaultValue":false,"deprecated":false,"displayName":"Batch update","group":"common","javaType":"java.lang.Boolean","kind":"property","labelHint":"Use prepared statements for INSERT, UPDATE, DELETE in order to update multiple rows with batch update.","order":2,"required":false,"secret":false,"type":"boolean"},"query":{"deprecated":false,"displayName":"SQL statement","group":"common","javaType":"java.lang.String","kind":"path","labelHint":"SQL statement to be executed. Can contain input parameters prefixed by ':#'.","order":1,"placeholder":"for example ':#MYPARAMNAME'","required":true,"secret":false,"type":"dataList"},"raiseErrorOnNotFound":{"defaultValue":false,"deprecated":false,"displayName":"Raise error when record not found","group":"common","javaType":"java.lang.Boolean","kind":"property","labelHint":"Error when no records are selected, updated or deleted","order":3,"required":false,"secret":false,"type":"boolean"}}}],"standardizedErrors":[{"displayName":"DataAccessError","name":"DATA_ACCESS_ERROR"},{"displayName":"EntityNotFoundError","name":"ENTITY_NOT_FOUND_ERROR"},{"displayName":"DuplicateKeyError","name":"DUPLICATE_KEY_ERROR"},{"displayName":"ConnectorError","name":"CONNECTOR_ERROR"}]},"id":"sql-connector","name":"Invoke SQL","pattern":"To","tags":["dynamic"]},{"actionType":"connector","description":"Periodically invoke SQL to obtain data.","descriptor":{"componentScheme":"sql","connectorCustomizers":["io.syndesis.connector.sql.customizer.SqlStartConnectorCustomizer"],"inputDataShape":{"kind":"none"},"outputDataShape":{"kind":"json-schema"},"propertyDefinitionSteps":[{"description":"Enter a SQL statement that returns results, such as SELECT.","name":"SQL statement","properties":{"isRaiseErrorOnNotFound":{"deprecated":false,"displayName":"Raise NotFoundError","group":"consumer","javaType":"java.lang.Boolean","kind":"parameter","labelHint":"Raise NotFoundError if no records are inserted, updated, selected or deleted","order":3,"required":false,"secret":false,"type":"boolean"},"query":{"deprecated":false,"displayName":"SQL statement","group":"common","javaType":"java.lang.String","kind":"path","labelHint":"SQL statement to be executed.","order":1,"required":true,"secret":false,"type":"dataList"},"schedulerExpression":{"defaultValue":60000,"deprecated":false,"displayName":"Period","group":"consumer","javaType":"long","kind":"parameter","labelHint":"Delay between scheduling (executing).","order":2,"required":false,"secret":false,"type":"duration"}}}]},"id":"sql-start-connector","name":"Periodic SQL invocation","pattern":"From","tags":["dynamic"]},{"actionType":"connector","description":"Invoke a stored procedure.","descriptor":{"componentScheme":"sql-stored","connectorCustomizers":["io.syndesis.connector.sql.customizer.SqlStoredConnectorCustomizer"],"inputDataShape":{"kind":"json-schema"},"outputDataShape":{"kind":"json-schema"},"propertyDefinitionSteps":[{"description":"Select the stored procedure.","name":"Procedure name","properties":{"procedureName":{"componentProperty":true,"deprecated":false,"displayName":"Procedure name","group":"common","javaType":"java.lang.String","kind":"property","labelHint":"Name of the stored procedure.","required":false,"secret":false,"type":"select"},"template":{"componentProperty":false,"deprecated":false,"displayName":"Template","group":"producer","javaType":"java.lang.String","kind":"path","labelHint":"Stored procedure template to perform.","required":false,"secret":false,"type":"hidden"}}}]},"id":"sql-stored-connector","name":"Invoke stored procedure","pattern":"To","tags":["dynamic"]},{"actionType":"connector","description":"Periodically invoke a stored procedure.","descriptor":{"componentScheme":"sql-stored","connectorCustomizers":["io.syndesis.connector.sql.customizer.SqlStartStoredConnectorCustomizer"],"inputDataShape":{"kind":"none"},"outputDataShape":{"kind":"json-schema"},"propertyDefinitionSteps":[{"description":"Select the stored procedure.","name":"Procedure name","properties":{"procedureName":{"componentProperty":true,"deprecated":false,"displayName":"Procedure name","group":"producer","javaType":"java.lang.String","kind":"path","labelHint":"Name of the stored procedure.","required":true,"secret":false,"type":"select"},"schedulerExpression":{"defaultValue":60000,"deprecated":false,"displayName":"Period","group":"consumer","javaType":"long","kind":"parameter","labelHint":"Delay between scheduling (executing).","required":false,"secret":false,"type":"duration"},"template":{"componentProperty":false,"deprecated":false,"displayName":"Template","group":"producer","javaType":"java.lang.String","kind":"path","labelHint":"Stored Procedure template to perform.","required":true,"secret":false,"type":"hidden"}}}]},"id":"sql-stored-start-connector","name":"Periodic stored procedure invocation","pattern":"From","tags":["dynamic"]}],"connectorCustomizers":["io.syndesis.connector.sql.customizer.DataSourceCustomizer"],"dependencies":[{"id":"io.syndesis.connector:connector-sql:2.0-SNAPSHOT","type":"MAVEN"},{"id":"jdbc-driver","type":"EXTENSION_TAG"}],"description":"Invoke SQL to obtain, store, update, or delete data.","icon":"assets:sql.svg","id":"sql","name":"Database","properties":{"password":{"componentProperty":true,"deprecated":false,"displayName":"Password","group":"security","javaType":"java.lang.String","kind":"property","label":"common,security","labelHint":"Password for the database connection.","order":3,"required":true,"secret":true,"type":"string"},"schema":{"componentProperty":true,"deprecated":false,"displayName":"Schema","group":"common","javaType":"java.lang.String","kind":"property","label":"common","labelHint":"Database schema.","order":4,"required":false,"secret":false,"type":"string"},"url":{"componentProperty":true,"deprecated":false,"displayName":"Connection URL","group":"common","javaType":"java.lang.String","kind":"property","labelHint":"JDBC URL of the database.","order":1,"required":true,"secret":false,"type":"string"},"user":{"componentProperty":true,"deprecated":false,"displayName":"Username","group":"common","javaType":"java.lang.String","kind":"property","labelHint":"Username for the database connection.","order":2,"required":true,"secret":false,"type":"string"}},"tags":["verifier"],"version":1}},"integrations":{":i-MVGBT2UWxS6oE0vU9e-z":{"createdAt":1615196184796,"flows":[{"id":"-MVG8JOgZ-7lgyIoC203","steps":[{"action":{"actionType":"connector","description":"Periodically invoke SQL to obtain data.","descriptor":{"componentScheme":"sql","connectorCustomizers":["io.syndesis.connector.sql.customizer.SqlStartConnectorCustomizer"],"inputDataShape":{"kind":"none","type":"SQL_PARAM_IN"},"outputDataShape":{"description":"Result of SQL [select * from todo]","kind":"json-schema","metadata":{"variant":"collection"},"name":"SQL Result","specification":"{\"type\":\"array\",\"$schema\":\"http://json-schema.org/schema#\",\"items\":{\"type\":\"object\",\"title\":\"SQL_PARAM_OUT\",\"properties\":{\"id\":{\"type\":\"integer\",\"required\":true},\"task\":{\"type\":\"string\",\"required\":true},\"completed\":{\"type\":\"integer\",\"required\":true}}}}","type":"SQL_PARAM_OUT"},"propertyDefinitionSteps":[{"name":"SQL statement","properties":{"isRaiseErrorOnNotFound":{"deprecated":false,"displayName":"Raise NotFoundError","group":"consumer","javaType":"java.lang.Boolean","kind":"parameter","labelHint":"Raise NotFoundError if no records are inserted, updated, selected or deleted","order":3,"required":false,"secret":false,"type":"boolean"},"query":{"dataList":["select * from todo"],"defaultValue":"select * from todo","deprecated":false,"displayName":"SQL statement","group":"common","javaType":"java.lang.String","kind":"path","labelHint":"SQL statement to be executed.","order":1,"required":true,"secret":false,"type":"dataList"},"schedulerExpression":{"defaultValue":60000,"deprecated":false,"displayName":"Period","group":"consumer","javaType":"long","kind":"parameter","labelHint":"Delay between scheduling (executing).","order":2,"required":false,"secret":false,"type":"duration"}}}]},"id":"sql-start-connector","name":"Periodic SQL invocation","pattern":"From","tags":["dynamic"]},"configuredProperties":{"isRaiseErrorOnNotFound":"false","query":"select * from todo","schedulerExpression":"60000"},"connection":{"configuredProperties":{"password":"»ENC:abdfcd8b1328d29ae17120f4f239c2a9f08a36db2fb2e706b3e52fe9e58f0cb20fa312c088c2671c4e0e45640c6b25b3","schema":"sampledb","url":"jdbc:postgresql://syndesis-db:5432/sampledb","user":"sampledb"},"connector":{"actions":[{"actionType":"connector","description":"Invoke SQL to obtain, store, update, or delete data.","descriptor":{"componentScheme":"sql","connectorCustomizers":["io.syndesis.connector.sql.customizer.SqlConnectorCustomizer"],"inputDataShape":{"kind":"json-schema"},"outputDataShape":{"kind":"json-schema"},"propertyDefinitionSteps":[{"description":"Enter a SQL statement that starts with INSERT, SELECT, UPDATE or DELETE.","name":"SQL statement","properties":{"batch":{"defaultValue":false,"deprecated":false,"displayName":"Batch update","group":"common","javaType":"java.lang.Boolean","kind":"property","labelHint":"Use prepared statements for INSERT, UPDATE, DELETE in order to update multiple rows with batch update.","order":2,"required":false,"secret":false,"type":"boolean"},"query":{"deprecated":false,"displayName":"SQL statement","group":"common","javaType":"java.lang.String","kind":"path","labelHint":"SQL statement to be executed. Can contain input parameters prefixed by ':#'.","order":1,"placeholder":"for example ':#MYPARAMNAME'","required":true,"secret":false,"type":"dataList"},"raiseErrorOnNotFound":{"defaultValue":false,"deprecated":false,"displayName":"Raise error when record not found","group":"common","javaType":"java.lang.Boolean","kind":"property","labelHint":"Error when no records are selected, updated or deleted","order":3,"required":false,"secret":false,"type":"boolean"}}}],"standardizedErrors":[{"displayName":"DataAccessError","name":"DATA_ACCESS_ERROR"},{"displayName":"EntityNotFoundError","name":"ENTITY_NOT_FOUND_ERROR"},{"displayName":"DuplicateKeyError","name":"DUPLICATE_KEY_ERROR"},{"displayName":"ConnectorError","name":"CONNECTOR_ERROR"}]},"id":"sql-connector","name":"Invoke SQL","pattern":"To","tags":["dynamic"]},{"actionType":"connector","description":"Periodically invoke SQL to obtain data.","descriptor":{"componentScheme":"sql","connectorCustomizers":["io.syndesis.connector.sql.customizer.SqlStartConnectorCustomizer"],"inputDataShape":{"kind":"none"},"outputDataShape":{"kind":"json-schema"},"propertyDefinitionSteps":[{"description":"Enter a SQL statement that returns results, such as SELECT.","name":"SQL statement","properties":{"isRaiseErrorOnNotFound":{"deprecated":false,"displayName":"Raise NotFoundError","group":"consumer","javaType":"java.lang.Boolean","kind":"parameter","labelHint":"Raise NotFoundError if no records are inserted, updated, selected or deleted","order":3,"required":false,"secret":false,"type":"boolean"},"query":{"deprecated":false,"displayName":"SQL statement","group":"common","javaType":"java.lang.String","kind":"path","labelHint":"SQL statement to be executed.","order":1,"required":true,"secret":false,"type":"dataList"},"schedulerExpression":{"defaultValue":60000,"deprecated":false,"displayName":"Period","group":"consumer","javaType":"long","kind":"parameter","labelHint":"Delay between scheduling (executing).","order":2,"required":false,"secret":false,"type":"duration"}}}]},"id":"sql-start-connector","name":"Periodic SQL invocation","pattern":"From","tags":["dynamic"]},{"actionType":"connector","description":"Invoke a stored procedure.","descriptor":{"componentScheme":"sql-stored","connectorCustomizers":["io.syndesis.connector.sql.customizer.SqlStoredConnectorCustomizer"],"inputDataShape":{"kind":"json-schema"},"outputDataShape":{"kind":"json-schema"},"propertyDefinitionSteps":[{"description":"Select the stored procedure.","name":"Procedure name","properties":{"procedureName":{"componentProperty":true,"deprecated":false,"displayName":"Procedure name","group":"common","javaType":"java.lang.String","kind":"property","labelHint":"Name of the stored procedure.","required":false,"secret":false,"type":"select"},"template":{"componentProperty":false,"deprecated":false,"displayName":"Template","group":"producer","javaType":"java.lang.String","kind":"path","labelHint":"Stored procedure template to perform.","required":false,"secret":false,"type":"hidden"}}}]},"id":"sql-stored-connector","name":"Invoke stored procedure","pattern":"To","tags":["dynamic"]},{"actionType":"connector","description":"Periodically invoke a stored procedure.","descriptor":{"componentScheme":"sql-stored","connectorCustomizers":["io.syndesis.connector.sql.customizer.SqlStartStoredConnectorCustomizer"],"inputDataShape":{"kind":"none"},"outputDataShape":{"kind":"json-schema"},"propertyDefinitionSteps":[{"description":"Select the stored procedure.","name":"Procedure name","properties":{"procedureName":{"componentProperty":true,"deprecated":false,"displayName":"Procedure name","group":"producer","javaType":"java.lang.String","kind":"path","labelHint":"Name of the stored procedure.","required":true,"secret":false,"type":"select"},"schedulerExpression":{"defaultValue":60000,"deprecated":false,"displayName":"Period","group":"consumer","javaType":"long","kind":"parameter","labelHint":"Delay between scheduling (executing).","required":false,"secret":false,"type":"duration"},"template":{"componentProperty":false,"deprecated":false,"displayName":"Template","group":"producer","javaType":"java.lang.String","kind":"path","labelHint":"Stored Procedure template to perform.","required":true,"secret":false,"type":"hidden"}}}]},"id":"sql-stored-start-connector","name":"Periodic stored procedure invocation","pattern":"From","tags":["dynamic"]}],"connectorCustomizers":["io.syndesis.connector.sql.customizer.DataSourceCustomizer"],"dependencies":[{"id":"io.syndesis.connector:connector-sql:2.0-SNAPSHOT","type":"MAVEN"},{"id":"jdbc-driver","type":"EXTENSION_TAG"}],"description":"Invoke SQL to obtain, store, update, or delete data.","icon":"assets:sql.svg","id":"sql","name":"Database","properties":{"password":{"componentProperty":true,"deprecated":false,"displayName":"Password","group":"security","javaType":"java.lang.String","kind":"property","label":"common,security","labelHint":"Password for the database connection.","order":3,"required":true,"secret":true,"type":"string"},"schema":{"componentProperty":true,"deprecated":false,"displayName":"Schema","group":"common","javaType":"java.lang.String","kind":"property","label":"common","labelHint":"Database schema.","order":4,"required":false,"secret":false,"type":"string"},"url":{"componentProperty":true,"deprecated":false,"displayName":"Connection URL","group":"common","javaType":"java.lang.String","kind":"property","labelHint":"JDBC URL of the database.","order":1,"required":true,"secret":false,"type":"string"},"user":{"componentProperty":true,"deprecated":false,"displayName":"Username","group":"common","javaType":"java.lang.String","kind":"property","labelHint":"Username for the database connection.","order":2,"required":true,"secret":false,"type":"string"}},"tags":["verifier"],"version":1},"connectorId":"sql","description":"Connection to SampleDB","icon":"assets:sql.svg","id":"5","isDerived":false,"name":"PostgresDB","tags":["sampledb"],"uses":0},"id":"-MVG8NQMZ-7lgyIoC203","metadata":{"configured":"true"},"stepKind":"endpoint"},{"action":{"actionType":"step","descriptor":{"inputDataShape":{"kind":"none","type":"SQL_PARAM_IN"},"outputDataShape":{"description":"Result of SQL [select * from todo]","kind":"json-schema","metadata":{"variant":"element"},"name":"SQL Result","specification":"{\"type\":\"object\",\"$schema\":\"http://json-schema.org/schema#\",\"title\":\"SQL_PARAM_OUT\",\"properties\":{\"id\":{\"type\":\"integer\",\"required\":true},\"task\":{\"type\":\"string\",\"required\":true},\"completed\":{\"type\":\"integer\",\"required\":true}}}","type":"SQL_PARAM_OUT","variants":[{"description":"Result of SQL [select * from todo]","kind":"json-schema","metadata":{"variant":"collection"},"name":"SQL Result","specification":"{\"type\":\"array\",\"$schema\":\"http://json-schema.org/schema#\",\"items\":{\"type\":\"object\",\"title\":\"SQL_PARAM_OUT\",\"properties\":{\"id\":{\"type\":\"integer\",\"required\":true},\"task\":{\"type\":\"string\",\"required\":true},\"completed\":{\"type\":\"integer\",\"required\":true}}}}","type":"SQL_PARAM_OUT"}]}}},"id":"-MVG8UtQZ-7lgyIoC204","metadata":{"configured":"true"},"name":"Split","stepKind":"split"},{"action":{"actionType":"step","descriptor":{"inputDataShape":{"description":"Result of SQL [select * from todo]","kind":"json-schema","metadata":{"variant":"element"},"name":"SQL Result","specification":"{\"type\":\"object\",\"$schema\":\"http://json-schema.org/schema#\",\"title\":\"SQL_PARAM_OUT\",\"properties\":{\"id\":{\"type\":\"integer\",\"required\":true},\"task\":{\"type\":\"string\",\"required\":true},\"completed\":{\"type\":\"integer\",\"required\":true}}}","type":"SQL_PARAM_OUT","variants":[{"description":"Result of SQL [select * from todo]","kind":"json-schema","metadata":{"variant":"collection"},"name":"SQL Result","specification":"{\"type\":\"array\",\"$schema\":\"http://json-schema.org/schema#\",\"items\":{\"type\":\"object\",\"title\":\"SQL_PARAM_OUT\",\"properties\":{\"id\":{\"type\":\"integer\",\"required\":true},\"task\":{\"type\":\"string\",\"required\":true},\"completed\":{\"type\":\"integer\",\"required\":true}}}}","type":"SQL_PARAM_OUT"}]},"outputDataShape":{"kind":"any"}}},"configuredProperties":{"default":"-MVG9CYsZ-7lgyIoC20B","flows":"[{\"condition\":\"\",\"flow\":\"-MVG9CYsZ-7lgyIoC205\",\"op\":\"contains\",\"path\":\"task\",\"value\":\"dog\"},{\"condition\":\"\",\"flow\":\"-MVG9CYsZ-7lgyIoC208\",\"op\":\"contains\",\"path\":\"task\",\"value\":\"cat\"}]","routingScheme":"direct"},"id":"-MVG9CYsZ-7lgyIoC204","metadata":{"configured":"true"},"name":"Conditional Flows","stepKind":"choice"},{"configuredProperties":{"bodyLoggingEnabled":"true","contextLoggingEnabled":"false"},"id":"-MVG8RgEZ-7lgyIoC203","metadata":{"configured":"true"},"name":"Log","stepKind":"log"}],"tags":["5"],"type":"PRIMARY"},{"description":"${body.task} contains 'dog'","id":"-MVG9CYsZ-7lgyIoC205","metadata":{"kind":"conditional","primaryFlowId":"-MVG8JOgZ-7lgyIoC203","stepId":"-MVG9CYsZ-7lgyIoC204"},"name":"Conditional","steps":[{"action":{"actionType":"connector","description":"Start a Syndesis integration flow","descriptor":{"componentScheme":"direct","inputDataShape":{"kind":"none","name":"No shape"},"outputDataShape":{"description":"Result of SQL [select * from todo]","kind":"json-schema","metadata":{"variant":"element"},"name":"SQL Result","specification":"{\"type\":\"object\",\"$schema\":\"http://json-schema.org/schema#\",\"title\":\"SQL_PARAM_OUT\",\"properties\":{\"id\":{\"type\":\"integer\",\"required\":true},\"task\":{\"type\":\"string\",\"required\":true},\"completed\":{\"type\":\"integer\",\"required\":true}}}","type":"SQL_PARAM_OUT","variants":[{"description":"Result of SQL [select * from todo]","kind":"json-schema","metadata":{"variant":"collection"},"name":"SQL Result","specification":"{\"type\":\"array\",\"$schema\":\"http://json-schema.org/schema#\",\"items\":{\"type\":\"object\",\"title\":\"SQL_PARAM_OUT\",\"properties\":{\"id\":{\"type\":\"integer\",\"required\":true},\"task\":{\"type\":\"string\",\"required\":true},\"completed\":{\"type\":\"integer\",\"required\":true}}}}","type":"SQL_PARAM_OUT"}]},"propertyDefinitionSteps":[{"name":"configuration","properties":{"name":{"componentProperty":false,"deprecated":false,"description":"The flow identifier used to route messages to","displayName":"Flow ID","javaType":"String","kind":"parameter","required":true,"secret":false,"type":"hidden"}}}]},"id":"io.syndesis:flow-start","name":"Flow Start","pattern":"From"},"configuredProperties":{"name":"-MVG9CYsZ-7lgyIoC205"},"connection":{"connector":{"actions":[{"actionType":"connector","description":"Start a Syndesis integration flow","descriptor":{"componentScheme":"direct","inputDataShape":{"kind":"none","name":"No shape"},"outputDataShape":{"kind":"any","name":"Any shape"},"propertyDefinitionSteps":[{"description":"Flow start configuration","name":"configuration","properties":{"name":{"componentProperty":false,"deprecated":false,"description":"The flow identifier used to route messages to","displayName":"Flow ID","javaType":"String","kind":"parameter","required":true,"secret":false,"type":"hidden"}}}]},"id":"io.syndesis:flow-start","name":"Flow Start","pattern":"From"},{"actionType":"connector","description":"End action of Syndesis integrations flow","descriptor":{"componentScheme":"bean","configuredProperties":{"beanName":"io.syndesis.connector.flow.NoOpBean","method":"process"},"inputDataShape":{"kind":"any"},"outputDataShape":{"kind":"none"}},"id":"io.syndesis:flow-end","name":"Flow End","pattern":"To"}],"dependencies":[{"id":"io.syndesis.connector:connector-flow:2.0-SNAPSHOT","type":"MAVEN"}],"description":"Connect with flows using direct endpoint","icon":"assets:flow.svg","id":"flow","metadata":{"hide-from-connection-pages":"true","hide-from-step-select":"true"},"name":"Flow","version":1},"connectorId":"flow","description":"Connect with different flows using direct endpoint","icon":"assets:flow.svg","id":"flow","isDerived":false,"metadata":{"hide-from-connection-pages":"true","hide-from-step-select":"true"},"name":"Flow","uses":0},"id":"-MVG9CYsZ-7lgyIoC206","metadata":{"configured":"true"},"name":"Flow start","stepKind":"endpoint"},{"configuredProperties":{"bodyLoggingEnabled":"true","contextLoggingEnabled":"false","customText":"DOG FLOW"},"id":"-MVGBGN4Z-7lgyIoC20E","metadata":{"configured":"true"},"name":"Log","stepKind":"log"},{"action":{"actionType":"connector","description":"End action of Syndesis integrations flow","descriptor":{"componentScheme":"bean","configuredProperties":{"beanName":"io.syndesis.connector.flow.NoOpBean","method":"process"},"inputDataShape":{"kind":"any"},"outputDataShape":{"kind":"none"}},"id":"io.syndesis:flow-end","name":"Flow End","pattern":"To"},"connection":{"connector":{"actions":[{"actionType":"connector","description":"Start a Syndesis integration flow","descriptor":{"componentScheme":"direct","inputDataShape":{"kind":"none","name":"No shape"},"outputDataShape":{"kind":"any","name":"Any shape"},"propertyDefinitionSteps":[{"description":"Flow start configuration","name":"configuration","properties":{"name":{"componentProperty":false,"deprecated":false,"description":"The flow identifier used to route messages to","displayName":"Flow ID","javaType":"String","kind":"parameter","required":true,"secret":false,"type":"hidden"}}}]},"id":"io.syndesis:flow-start","name":"Flow Start","pattern":"From"},{"actionType":"connector","description":"End action of Syndesis integrations flow","descriptor":{"componentScheme":"bean","configuredProperties":{"beanName":"io.syndesis.connector.flow.NoOpBean","method":"process"},"inputDataShape":{"kind":"any"},"outputDataShape":{"kind":"none"}},"id":"io.syndesis:flow-end","name":"Flow End","pattern":"To"}],"dependencies":[{"id":"io.syndesis.connector:connector-flow:2.0-SNAPSHOT","type":"MAVEN"}],"description":"Connect with flows using direct endpoint","icon":"assets:flow.svg","id":"flow","metadata":{"hide-from-connection-pages":"true","hide-from-step-select":"true"},"name":"Flow","version":1},"connectorId":"flow","description":"Connect with different flows using direct endpoint","icon":"assets:flow.svg","id":"flow","isDerived":false,"metadata":{"hide-from-connection-pages":"true","hide-from-step-select":"true"},"name":"Flow","uses":0},"id":"-MVG9CYsZ-7lgyIoC207","metadata":{"configured":"true"},"name":"Flow end","stepKind":"endpoint"}],"tags":["flow"],"type":"ALTERNATE"},{"description":"${body.task} contains 'cat'","id":"-MVG9CYsZ-7lgyIoC208","metadata":{"kind":"conditional","primaryFlowId":"-MVG8JOgZ-7lgyIoC203","stepId":"-MVG9CYsZ-7lgyIoC204"},"name":"Conditional","steps":[{"action":{"actionType":"connector","description":"Start a Syndesis integration flow","descriptor":{"componentScheme":"direct","inputDataShape":{"kind":"none","name":"No shape"},"outputDataShape":{"description":"Result of SQL [select * from todo]","kind":"json-schema","metadata":{"variant":"element"},"name":"SQL Result","specification":"{\"type\":\"object\",\"$schema\":\"http://json-schema.org/schema#\",\"title\":\"SQL_PARAM_OUT\",\"properties\":{\"id\":{\"type\":\"integer\",\"required\":true},\"task\":{\"type\":\"string\",\"required\":true},\"completed\":{\"type\":\"integer\",\"required\":true}}}","type":"SQL_PARAM_OUT","variants":[{"description":"Result of SQL [select * from todo]","kind":"json-schema","metadata":{"variant":"collection"},"name":"SQL Result","specification":"{\"type\":\"array\",\"$schema\":\"http://json-schema.org/schema#\",\"items\":{\"type\":\"object\",\"title\":\"SQL_PARAM_OUT\",\"properties\":{\"id\":{\"type\":\"integer\",\"required\":true},\"task\":{\"type\":\"string\",\"required\":true},\"completed\":{\"type\":\"integer\",\"required\":true}}}}","type":"SQL_PARAM_OUT"}]},"propertyDefinitionSteps":[{"name":"configuration","properties":{"name":{"componentProperty":false,"deprecated":false,"description":"The flow identifier used to route messages to","displayName":"Flow ID","javaType":"String","kind":"parameter","required":true,"secret":false,"type":"hidden"}}}]},"id":"io.syndesis:flow-start","name":"Flow Start","pattern":"From"},"configuredProperties":{"name":"-MVG9CYsZ-7lgyIoC208"},"connection":{"connector":{"actions":[{"actionType":"connector","description":"Start a Syndesis integration flow","descriptor":{"componentScheme":"direct","inputDataShape":{"kind":"none","name":"No shape"},"outputDataShape":{"kind":"any","name":"Any shape"},"propertyDefinitionSteps":[{"description":"Flow start configuration","name":"configuration","properties":{"name":{"componentProperty":false,"deprecated":false,"description":"The flow identifier used to route messages to","displayName":"Flow ID","javaType":"String","kind":"parameter","required":true,"secret":false,"type":"hidden"}}}]},"id":"io.syndesis:flow-start","name":"Flow Start","pattern":"From"},{"actionType":"connector","description":"End action of Syndesis integrations flow","descriptor":{"componentScheme":"bean","configuredProperties":{"beanName":"io.syndesis.connector.flow.NoOpBean","method":"process"},"inputDataShape":{"kind":"any"},"outputDataShape":{"kind":"none"}},"id":"io.syndesis:flow-end","name":"Flow End","pattern":"To"}],"dependencies":[{"id":"io.syndesis.connector:connector-flow:2.0-SNAPSHOT","type":"MAVEN"}],"description":"Connect with flows using direct endpoint","icon":"assets:flow.svg","id":"flow","metadata":{"hide-from-connection-pages":"true","hide-from-step-select":"true"},"name":"Flow","version":1},"connectorId":"flow","description":"Connect with different flows using direct endpoint","icon":"assets:flow.svg","id":"flow","isDerived":false,"metadata":{"hide-from-connection-pages":"true","hide-from-step-select":"true"},"name":"Flow","uses":0},"id":"-MVG9CYsZ-7lgyIoC209","metadata":{"configured":"true"},"name":"Flow start","stepKind":"endpoint"},{"configuredProperties":{"bodyLoggingEnabled":"true","contextLoggingEnabled":"false","customText":"CAT FLOW"},"id":"-MVGBL9nZ-7lgyIoC20E","metadata":{"configured":"true"},"name":"Log","stepKind":"log"},{"action":{"actionType":"connector","description":"End action of Syndesis integrations flow","descriptor":{"componentScheme":"bean","configuredProperties":{"beanName":"io.syndesis.connector.flow.NoOpBean","method":"process"},"inputDataShape":{"kind":"any"},"outputDataShape":{"kind":"none"}},"id":"io.syndesis:flow-end","name":"Flow End","pattern":"To"},"connection":{"connector":{"actions":[{"actionType":"connector","description":"Start a Syndesis integration flow","descriptor":{"componentScheme":"direct","inputDataShape":{"kind":"none","name":"No shape"},"outputDataShape":{"kind":"any","name":"Any shape"},"propertyDefinitionSteps":[{"description":"Flow start configuration","name":"configuration","properties":{"name":{"componentProperty":false,"deprecated":false,"description":"The flow identifier used to route messages to","displayName":"Flow ID","javaType":"String","kind":"parameter","required":true,"secret":false,"type":"hidden"}}}]},"id":"io.syndesis:flow-start","name":"Flow Start","pattern":"From"},{"actionType":"connector","description":"End action of Syndesis integrations flow","descriptor":{"componentScheme":"bean","configuredProperties":{"beanName":"io.syndesis.connector.flow.NoOpBean","method":"process"},"inputDataShape":{"kind":"any"},"outputDataShape":{"kind":"none"}},"id":"io.syndesis:flow-end","name":"Flow End","pattern":"To"}],"dependencies":[{"id":"io.syndesis.connector:connector-flow:2.0-SNAPSHOT","type":"MAVEN"}],"description":"Connect with flows using direct endpoint","icon":"assets:flow.svg","id":"flow","metadata":{"hide-from-connection-pages":"true","hide-from-step-select":"true"},"name":"Flow","version":1},"connectorId":"flow","description":"Connect with different flows using direct endpoint","icon":"assets:flow.svg","id":"flow","isDerived":false,"metadata":{"hide-from-connection-pages":"true","hide-from-step-select":"true"},"name":"Flow","uses":0},"id":"-MVG9CYsZ-7lgyIoC20A","metadata":{"configured":"true"},"name":"Flow end","stepKind":"endpoint"}],"tags":["flow"],"type":"ALTERNATE"},{"description":"Use this as default","id":"-MVG9CYsZ-7lgyIoC20B","metadata":{"kind":"default","primaryFlowId":"-MVG8JOgZ-7lgyIoC203","stepId":"-MVG9CYsZ-7lgyIoC204"},"name":"Default","steps":[{"action":{"actionType":"connector","description":"Start a Syndesis integration flow","descriptor":{"componentScheme":"direct","inputDataShape":{"kind":"none","name":"No shape"},"outputDataShape":{"description":"Result of SQL [select * from todo]","kind":"json-schema","metadata":{"variant":"element"},"name":"SQL Result","specification":"{\"type\":\"object\",\"$schema\":\"http://json-schema.org/schema#\",\"title\":\"SQL_PARAM_OUT\",\"properties\":{\"id\":{\"type\":\"integer\",\"required\":true},\"task\":{\"type\":\"string\",\"required\":true},\"completed\":{\"type\":\"integer\",\"required\":true}}}","type":"SQL_PARAM_OUT","variants":[{"description":"Result of SQL [select * from todo]","kind":"json-schema","metadata":{"variant":"collection"},"name":"SQL Result","specification":"{\"type\":\"array\",\"$schema\":\"http://json-schema.org/schema#\",\"items\":{\"type\":\"object\",\"title\":\"SQL_PARAM_OUT\",\"properties\":{\"id\":{\"type\":\"integer\",\"required\":true},\"task\":{\"type\":\"string\",\"required\":true},\"completed\":{\"type\":\"integer\",\"required\":true}}}}","type":"SQL_PARAM_OUT"}]},"propertyDefinitionSteps":[{"name":"configuration","properties":{"name":{"componentProperty":false,"deprecated":false,"description":"The flow identifier used to route messages to","displayName":"Flow ID","javaType":"String","kind":"parameter","required":true,"secret":false,"type":"hidden"}}}]},"id":"io.syndesis:flow-start","name":"Flow Start","pattern":"From"},"configuredProperties":{"name":"-MVG9CYsZ-7lgyIoC20B"},"connection":{"connector":{"actions":[{"actionType":"connector","description":"Start a Syndesis integration flow","descriptor":{"componentScheme":"direct","inputDataShape":{"kind":"none","name":"No shape"},"outputDataShape":{"kind":"any","name":"Any shape"},"propertyDefinitionSteps":[{"description":"Flow start configuration","name":"configuration","properties":{"name":{"componentProperty":false,"deprecated":false,"description":"The flow identifier used to route messages to","displayName":"Flow ID","javaType":"String","kind":"parameter","required":true,"secret":false,"type":"hidden"}}}]},"id":"io.syndesis:flow-start","name":"Flow Start","pattern":"From"},{"actionType":"connector","description":"End action of Syndesis integrations flow","descriptor":{"componentScheme":"bean","configuredProperties":{"beanName":"io.syndesis.connector.flow.NoOpBean","method":"process"},"inputDataShape":{"kind":"any"},"outputDataShape":{"kind":"none"}},"id":"io.syndesis:flow-end","name":"Flow End","pattern":"To"}],"dependencies":[{"id":"io.syndesis.connector:connector-flow:2.0-SNAPSHOT","type":"MAVEN"}],"description":"Connect with flows using direct endpoint","icon":"assets:flow.svg","id":"flow","metadata":{"hide-from-connection-pages":"true","hide-from-step-select":"true"},"name":"Flow","version":1},"connectorId":"flow","description":"Connect with different flows using direct endpoint","icon":"assets:flow.svg","id":"flow","isDerived":false,"metadata":{"hide-from-connection-pages":"true","hide-from-step-select":"true"},"name":"Flow","uses":0},"id":"-MVG9CYsZ-7lgyIoC20C","metadata":{"configured":"true"},"name":"Flow start","stepKind":"endpoint"},{"configuredProperties":{"bodyLoggingEnabled":"true","contextLoggingEnabled":"false","customText":"DEFAULT FLOW"},"id":"-MVGBPYeZ-7lgyIoC20E","metadata":{"configured":"true"},"name":"Log","stepKind":"log"},{"action":{"actionType":"connector","description":"End action of Syndesis integrations flow","descriptor":{"componentScheme":"bean","configuredProperties":{"beanName":"io.syndesis.connector.flow.NoOpBean","method":"process"},"inputDataShape":{"kind":"any"},"outputDataShape":{"kind":"none"}},"id":"io.syndesis:flow-end","name":"Flow End","pattern":"To"},"connection":{"connector":{"actions":[{"actionType":"connector","description":"Start a Syndesis integration flow","descriptor":{"componentScheme":"direct","inputDataShape":{"kind":"none","name":"No shape"},"outputDataShape":{"kind":"any","name":"Any shape"},"propertyDefinitionSteps":[{"description":"Flow start configuration","name":"configuration","properties":{"name":{"componentProperty":false,"deprecated":false,"description":"The flow identifier used to route messages to","displayName":"Flow ID","javaType":"String","kind":"parameter","required":true,"secret":false,"type":"hidden"}}}]},"id":"io.syndesis:flow-start","name":"Flow Start","pattern":"From"},{"actionType":"connector","description":"End action of Syndesis integrations flow","descriptor":{"componentScheme":"bean","configuredProperties":{"beanName":"io.syndesis.connector.flow.NoOpBean","method":"process"},"inputDataShape":{"kind":"any"},"outputDataShape":{"kind":"none"}},"id":"io.syndesis:flow-end","name":"Flow End","pattern":"To"}],"dependencies":[{"id":"io.syndesis.connector:connector-flow:2.0-SNAPSHOT","type":"MAVEN"}],"description":"Connect with flows using direct endpoint","icon":"assets:flow.svg","id":"flow","metadata":{"hide-from-connection-pages":"true","hide-from-step-select":"true"},"name":"Flow","version":1},"connectorId":"flow","description":"Connect with different flows using direct endpoint","icon":"assets:flow.svg","id":"flow","isDerived":false,"metadata":{"hide-from-connection-pages":"true","hide-from-step-select":"true"},"name":"Flow","uses":0},"id":"-MVG9CYsZ-7lgyIoC20D","metadata":{"configured":"true"},"name":"Flow end","stepKind":"endpoint"}],"tags":["flow"],"type":"ALTERNATE"}],"id":"i-MVGBT2UWxS6oE0vU9e-z","name":"conditional","tags":["flow","sql"],"updatedAt":1615196722918,"version":2}}}