{"connections":{":5":{"configuredProperties":{"password":"»ENC:85fe9deb2ddafddff482914da3d1aceeaa98a97d1152f7a59ca98861845e830d2d985861e617d5cbe4bb147ae2addcff","schema":"sampledb","url":"jdbc:postgresql://syndesis-db:5432/sampledb","user":"sampledb"},"connector":{"actions":[{"actionType":"connector","description":"Invoke SQL to obtain, store, update, or delete data.","descriptor":{"componentScheme":"sql","connectorCustomizers":["io.syndesis.connector.sql.customizer.SqlConnectorCustomizer"],"inputDataShape":{"kind":"json-schema"},"outputDataShape":{"kind":"json-schema"},"propertyDefinitionSteps":[{"description":"Enter a SQL statement that starts with INSERT, SELECT, UPDATE or DELETE.","name":"SQL statement","properties":{"query":{"deprecated":false,"displayName":"SQL statement","group":"common","javaType":"java.lang.String","kind":"path","labelHint":"SQL statement to be executed. Can contain input parameters prefixed by ':#'.","placeholder":"for example ':#MYPARAMNAME'","required":true,"secret":false,"type":"string"}}}]},"id":"sql-connector","name":"Invoke SQL","pattern":"To","tags":["dynamic"]},{"actionType":"connector","description":"Periodically invoke SQL to obtain data.","descriptor":{"componentScheme":"sql","connectorCustomizers":["io.syndesis.connector.sql.customizer.SqlStartConnectorCustomizer"],"inputDataShape":{"kind":"none"},"outputDataShape":{"kind":"json-schema"},"propertyDefinitionSteps":[{"description":"Enter a SQL statement that returns results.","name":"SQL statement","properties":{"query":{"deprecated":false,"displayName":"SQL statement","group":"common","javaType":"java.lang.String","kind":"path","labelHint":"SQL statement to be executed.","order":1,"required":true,"secret":false,"type":"string"},"schedulerExpression":{"defaultValue":"60000","deprecated":false,"displayName":"Period","group":"consumer","javaType":"long","kind":"parameter","labelHint":"Delay between scheduling (executing).","order":2,"required":false,"secret":false,"type":"duration"}}}]},"id":"sql-start-connector","name":"Periodic SQL invocation","pattern":"From","tags":["dynamic"]},{"actionType":"connector","description":"Invoke a stored procedure.","descriptor":{"componentScheme":"sql-stored","connectorCustomizers":["io.syndesis.connector.sql.customizer.SqlStoredConnectorCustomizer"],"inputDataShape":{"kind":"json-schema"},"outputDataShape":{"kind":"json-schema"},"propertyDefinitionSteps":[{"description":"Select the stored procedure.","name":"Procedure name","properties":{"procedureName":{"componentProperty":true,"deprecated":false,"displayName":"Procedure name","group":"common","javaType":"java.lang.String","kind":"property","labelHint":"Name of the stored procedure.","required":false,"secret":false,"type":"string"},"template":{"componentProperty":false,"deprecated":false,"displayName":"Template","group":"producer","javaType":"java.lang.String","kind":"path","labelHint":"Stored procedure template to perform.","required":false,"secret":false,"type":"hidden"}}}]},"id":"sql-stored-connector","name":"Invoke stored procedure","pattern":"To","tags":["dynamic"]},{"actionType":"connector","description":"Periodically invoke a stored procedure.","descriptor":{"componentScheme":"sql-stored","connectorCustomizers":["io.syndesis.connector.sql.customizer.SqlStartStoredConnectorCustomizer"],"inputDataShape":{"kind":"none"},"outputDataShape":{"kind":"json-schema"},"propertyDefinitionSteps":[{"description":"Select the stored procedure.","name":"Procedure name","properties":{"procedureName":{"componentProperty":true,"deprecated":false,"displayName":"Procedure name","group":"producer","javaType":"java.lang.String","kind":"path","labelHint":"Name of the stored procedure.","required":true,"secret":false,"type":"string"},"schedulerExpression":{"defaultValue":"60000","deprecated":false,"displayName":"Period","group":"consumer","javaType":"long","kind":"parameter","labelHint":"Delay between scheduling (executing).","required":false,"secret":false,"type":"duration"},"template":{"componentProperty":false,"deprecated":false,"displayName":"Template","group":"producer","javaType":"java.lang.String","kind":"path","labelHint":"Stored Procedure template to perform.","required":true,"secret":false,"type":"hidden"}}}]},"id":"sql-stored-start-connector","name":"Periodic stored procedure invocation","pattern":"From","tags":["dynamic"]}],"connectorCustomizers":["io.syndesis.connector.sql.customizer.DataSourceCustomizer"],"dependencies":[{"id":"io.syndesis.connector:connector-sql:1.7-SNAPSHOT","type":"MAVEN"},{"id":"jdbc-driver","type":"EXTENSION_TAG"}],"description":"Subscribe for and publish messages.","icon":"assets:sql.svg","id":"sql","name":"Database","properties":{"password":{"componentProperty":true,"deprecated":false,"displayName":"Password","group":"security","javaType":"java.lang.String","kind":"property","label":"common,security","labelHint":"Password for the database connection.","order":3,"required":true,"secret":true,"type":"string"},"schema":{"componentProperty":true,"deprecated":false,"displayName":"Schema","group":"common","javaType":"java.lang.String","kind":"property","label":"common","labelHint":"Database schema.","order":4,"required":false,"secret":false,"type":"string"},"url":{"componentProperty":true,"deprecated":false,"displayName":"Connection URL","group":"common","javaType":"java.lang.String","kind":"property","labelHint":"JDBC URL of the database.","order":1,"required":true,"secret":false,"type":"string"},"user":{"componentProperty":true,"deprecated":false,"displayName":"Username","group":"common","javaType":"java.lang.String","kind":"property","labelHint":"Username for the database connection.","order":2,"required":true,"secret":false,"type":"string"}},"tags":["verifier"],"version":1},"connectorId":"sql","description":"Connection to SampleDB","icon":"assets:sql.svg","id":"5","isDerived":false,"name":"PostgresDB","tags":["sampledb"],"uses":0},":i-LhLQKfMx_IHVe787ScOz":{"configuredProperties":{"brokers":" my-cluster-kafka-bootstrap:9092"},"connector":{"actions":[{"actionType":"connector","description":"Publish data to the Kafka topic that you select.","descriptor":{"inputDataShape":{"kind":"any"},"outputDataShape":{"kind":"none"},"propertyDefinitionSteps":[{"description":"Specify Kafka topic name","name":"Select the Kafka topic","properties":{"topic":{"componentProperty":false,"deprecated":false,"displayName":"Topic Name","group":"common","javaType":"java.lang.String","kind":"path","labelHint":"Select the Kafka topic to send data to.","order":1,"required":true,"secret":false,"type":"string"}}}]},"id":"io.syndesis:kafka-publish-action","name":"Publish","pattern":"To","tags":["dynamic"]},{"actionType":"connector","description":"Receive data from the Kafka topic that you select.","descriptor":{"inputDataShape":{"kind":"none"},"outputDataShape":{"kind":"any"},"propertyDefinitionSteps":[{"description":"Select the Kafka topic name","name":"Select the Kafka topic","properties":{"topic":{"componentProperty":false,"deprecated":false,"displayName":"Topic Name","group":"common","javaType":"java.lang.String","kind":"path","labelHint":"Select the Kafka topic to receive data from.","order":1,"required":true,"secret":false,"type":"string"}}}]},"id":"io.syndesis:kafka-subscribe-action","name":"Subscribe","pattern":"From","tags":["dynamic"]}],"componentScheme":"kafka","dependencies":[{"id":"io.syndesis.connector:connector-kafka:1.7-SNAPSHOT","type":"MAVEN"}],"description":"Subscribe for and publish messages","icon":"assets:kafka.svg","id":"kafka","name":"Kafka Message Broker","properties":{"brokers":{"componentProperty":true,"deprecated":false,"displayName":"Kafka Broker URIs","group":"common","javaType":"java.lang.String","kind":"property","label":"common","labelHint":"Comma separated list of Kafka broker URIs in the form host:port.","order":1,"required":true,"secret":false,"type":"string"}},"tags":["verifier"],"version":1},"connectorId":"kafka","createdDate":1560523135678,"description":"Kafka Connection to strimzi deployment.","icon":"assets:kafka.svg","id":"i-LhLQKfMx_IHVe787ScOz","isDerived":false,"lastUpdated":1560523135678,"name":"KurtsKafka","userId":"developer","uses":0}},"connectors":{":kafka":{"actions":[{"actionType":"connector","description":"Publish data to the Kafka topic that you select.","descriptor":{"inputDataShape":{"kind":"any"},"outputDataShape":{"kind":"none"},"propertyDefinitionSteps":[{"description":"Specify Kafka topic name","name":"Select the Kafka topic","properties":{"topic":{"componentProperty":false,"deprecated":false,"displayName":"Topic Name","group":"common","javaType":"java.lang.String","kind":"path","labelHint":"Select the Kafka topic to send data to.","order":1,"required":true,"secret":false,"type":"string"}}}]},"id":"io.syndesis:kafka-publish-action","name":"Publish","pattern":"To","tags":["dynamic"]},{"actionType":"connector","description":"Receive data from the Kafka topic that you select.","descriptor":{"inputDataShape":{"kind":"none"},"outputDataShape":{"kind":"any"},"propertyDefinitionSteps":[{"description":"Select the Kafka topic name","name":"Select the Kafka topic","properties":{"topic":{"componentProperty":false,"deprecated":false,"displayName":"Topic Name","group":"common","javaType":"java.lang.String","kind":"path","labelHint":"Select the Kafka topic to receive data from.","order":1,"required":true,"secret":false,"type":"string"}}}]},"id":"io.syndesis:kafka-subscribe-action","name":"Subscribe","pattern":"From","tags":["dynamic"]}],"componentScheme":"kafka","dependencies":[{"id":"io.syndesis.connector:connector-kafka:1.7-SNAPSHOT","type":"MAVEN"}],"description":"Subscribe for and publish messages","icon":"assets:kafka.svg","id":"kafka","name":"Kafka Message Broker","properties":{"brokers":{"componentProperty":true,"deprecated":false,"displayName":"Kafka Broker URIs","group":"common","javaType":"java.lang.String","kind":"property","label":"common","labelHint":"Comma separated list of Kafka broker URIs in the form host:port.","order":1,"required":true,"secret":false,"type":"string"}},"tags":["verifier"],"version":1},":sql":{"actions":[{"actionType":"connector","description":"Invoke SQL to obtain, store, update, or delete data.","descriptor":{"componentScheme":"sql","connectorCustomizers":["io.syndesis.connector.sql.customizer.SqlConnectorCustomizer"],"inputDataShape":{"kind":"json-schema"},"outputDataShape":{"kind":"json-schema"},"propertyDefinitionSteps":[{"description":"Enter a SQL statement that starts with INSERT, SELECT, UPDATE or DELETE.","name":"SQL statement","properties":{"query":{"deprecated":false,"displayName":"SQL statement","group":"common","javaType":"java.lang.String","kind":"path","labelHint":"SQL statement to be executed. Can contain input parameters prefixed by ':#'.","placeholder":"for example ':#MYPARAMNAME'","required":true,"secret":false,"type":"string"}}}]},"id":"sql-connector","name":"Invoke SQL","pattern":"To","tags":["dynamic"]},{"actionType":"connector","description":"Periodically invoke SQL to obtain data.","descriptor":{"componentScheme":"sql","connectorCustomizers":["io.syndesis.connector.sql.customizer.SqlStartConnectorCustomizer"],"inputDataShape":{"kind":"none"},"outputDataShape":{"kind":"json-schema"},"propertyDefinitionSteps":[{"description":"Enter a SQL statement that returns results.","name":"SQL statement","properties":{"query":{"deprecated":false,"displayName":"SQL statement","group":"common","javaType":"java.lang.String","kind":"path","labelHint":"SQL statement to be executed.","order":1,"required":true,"secret":false,"type":"string"},"schedulerExpression":{"defaultValue":"60000","deprecated":false,"displayName":"Period","group":"consumer","javaType":"long","kind":"parameter","labelHint":"Delay between scheduling (executing).","order":2,"required":false,"secret":false,"type":"duration"}}}]},"id":"sql-start-connector","name":"Periodic SQL invocation","pattern":"From","tags":["dynamic"]},{"actionType":"connector","description":"Invoke a stored procedure.","descriptor":{"componentScheme":"sql-stored","connectorCustomizers":["io.syndesis.connector.sql.customizer.SqlStoredConnectorCustomizer"],"inputDataShape":{"kind":"json-schema"},"outputDataShape":{"kind":"json-schema"},"propertyDefinitionSteps":[{"description":"Select the stored procedure.","name":"Procedure name","properties":{"procedureName":{"componentProperty":true,"deprecated":false,"displayName":"Procedure name","group":"common","javaType":"java.lang.String","kind":"property","labelHint":"Name of the stored procedure.","required":false,"secret":false,"type":"string"},"template":{"componentProperty":false,"deprecated":false,"displayName":"Template","group":"producer","javaType":"java.lang.String","kind":"path","labelHint":"Stored procedure template to perform.","required":false,"secret":false,"type":"hidden"}}}]},"id":"sql-stored-connector","name":"Invoke stored procedure","pattern":"To","tags":["dynamic"]},{"actionType":"connector","description":"Periodically invoke a stored procedure.","descriptor":{"componentScheme":"sql-stored","connectorCustomizers":["io.syndesis.connector.sql.customizer.SqlStartStoredConnectorCustomizer"],"inputDataShape":{"kind":"none"},"outputDataShape":{"kind":"json-schema"},"propertyDefinitionSteps":[{"description":"Select the stored procedure.","name":"Procedure name","properties":{"procedureName":{"componentProperty":true,"deprecated":false,"displayName":"Procedure name","group":"producer","javaType":"java.lang.String","kind":"path","labelHint":"Name of the stored procedure.","required":true,"secret":false,"type":"string"},"schedulerExpression":{"defaultValue":"60000","deprecated":false,"displayName":"Period","group":"consumer","javaType":"long","kind":"parameter","labelHint":"Delay between scheduling (executing).","required":false,"secret":false,"type":"duration"},"template":{"componentProperty":false,"deprecated":false,"displayName":"Template","group":"producer","javaType":"java.lang.String","kind":"path","labelHint":"Stored Procedure template to perform.","required":true,"secret":false,"type":"hidden"}}}]},"id":"sql-stored-start-connector","name":"Periodic stored procedure invocation","pattern":"From","tags":["dynamic"]}],"connectorCustomizers":["io.syndesis.connector.sql.customizer.DataSourceCustomizer"],"dependencies":[{"id":"io.syndesis.connector:connector-sql:1.7-SNAPSHOT","type":"MAVEN"},{"id":"jdbc-driver","type":"EXTENSION_TAG"}],"description":"Subscribe for and publish messages.","icon":"assets:sql.svg","id":"sql","name":"Database","properties":{"password":{"componentProperty":true,"deprecated":false,"displayName":"Password","group":"security","javaType":"java.lang.String","kind":"property","label":"common,security","labelHint":"Password for the database connection.","order":3,"required":true,"secret":true,"type":"string"},"schema":{"componentProperty":true,"deprecated":false,"displayName":"Schema","group":"common","javaType":"java.lang.String","kind":"property","label":"common","labelHint":"Database schema.","order":4,"required":false,"secret":false,"type":"string"},"url":{"componentProperty":true,"deprecated":false,"displayName":"Connection URL","group":"common","javaType":"java.lang.String","kind":"property","labelHint":"JDBC URL of the database.","order":1,"required":true,"secret":false,"type":"string"},"user":{"componentProperty":true,"deprecated":false,"displayName":"Username","group":"common","javaType":"java.lang.String","kind":"property","labelHint":"Username for the database connection.","order":2,"required":true,"secret":false,"type":"string"}},"tags":["verifier"],"version":1}},"integrations":{":i-LhLdAo-x_IHVe787ScQz":{"createdAt":1560526765311,"flows":[{"id":"-LhMDkEZmtxc5mryPD9-","steps":[{"action":{"actionType":"connector","description":"Receive data from the Kafka topic that you select.","descriptor":{"inputDataShape":{"kind":"none"},"outputDataShape":{"kind":"json-instance","metadata":{"userDefined":"true"},"specification":"{ \"task\": \"my value\" }"},"propertyDefinitionSteps":[{"description":"Select the Kafka topic name","name":"Select the Kafka topic","properties":{"topic":{"componentProperty":false,"defaultValue":"my-topic","deprecated":false,"displayName":"Topic Name","group":"common","javaType":"java.lang.String","kind":"path","labelHint":"Select the Kafka topic to receive data from.","order":1,"required":true,"secret":false,"type":"string"}}}]},"id":"io.syndesis:kafka-subscribe-action","name":"Subscribe","pattern":"From","tags":["dynamic"]},"configuredProperties":{"topic":"my-topic"},"connection":{"configuredProperties":{"brokers":" my-cluster-kafka-bootstrap:9092"},"connector":{"actions":[{"actionType":"connector","description":"Publish data to the Kafka topic that you select.","descriptor":{"inputDataShape":{"kind":"any"},"outputDataShape":{"kind":"none"},"propertyDefinitionSteps":[{"description":"Specify Kafka topic name","name":"Select the Kafka topic","properties":{"topic":{"componentProperty":false,"deprecated":false,"displayName":"Topic Name","group":"common","javaType":"java.lang.String","kind":"path","labelHint":"Select the Kafka topic to send data to.","order":1,"required":true,"secret":false,"type":"string"}}}]},"id":"io.syndesis:kafka-publish-action","name":"Publish","pattern":"To","tags":["dynamic"]},{"actionType":"connector","description":"Receive data from the Kafka topic that you select.","descriptor":{"inputDataShape":{"kind":"none"},"outputDataShape":{"kind":"any"},"propertyDefinitionSteps":[{"description":"Select the Kafka topic name","name":"Select the Kafka topic","properties":{"topic":{"componentProperty":false,"deprecated":false,"displayName":"Topic Name","group":"common","javaType":"java.lang.String","kind":"path","labelHint":"Select the Kafka topic to receive data from.","order":1,"required":true,"secret":false,"type":"string"}}}]},"id":"io.syndesis:kafka-subscribe-action","name":"Subscribe","pattern":"From","tags":["dynamic"]}],"componentScheme":"kafka","dependencies":[{"id":"io.syndesis.connector:connector-kafka:1.7-SNAPSHOT","type":"MAVEN"}],"description":"Subscribe for and publish messages","icon":"assets:kafka.svg","id":"kafka","name":"Kafka Message Broker","properties":{"brokers":{"componentProperty":true,"deprecated":false,"displayName":"Kafka Broker URIs","group":"common","javaType":"java.lang.String","kind":"property","label":"common","labelHint":"Comma separated list of Kafka broker URIs in the form host:port.","order":1,"required":true,"secret":false,"type":"string"}},"tags":["verifier"],"version":1},"connectorId":"kafka","createdDate":1560523135678,"description":"Kafka Connection to strimzi deployment.","icon":"assets:kafka.svg","id":"i-LhLQKfMx_IHVe787ScOz","isDerived":false,"lastUpdated":1560523135678,"name":"KurtsKafka","userId":"developer","uses":0},"id":"-LhMRKDamtxc5mryPD9-","metadata":{"configured":"true"},"stepKind":"endpoint"},{"action":{"actionType":"connector","description":"Invoke SQL to obtain, store, update, or delete data.","descriptor":{"componentScheme":"sql","connectorCustomizers":["io.syndesis.connector.sql.customizer.SqlConnectorCustomizer"],"inputDataShape":{"description":"Parameters of SQL [INSERT INTO TODO ( task, completed ) VALUES ( :#task, 0)]","kind":"json-schema","metadata":{"variant":"collection"},"name":"SQL Parameter","specification":"{\"type\":\"array\",\"$schema\":\"http://json-schema.org/schema#\",\"items\":{\"type\":\"object\",\"title\":\"SQL_PARAM_IN\",\"properties\":{\"task\":{\"type\":\"string\",\"required\":true}}}}","type":"SQL_PARAM_IN"},"outputDataShape":{"description":"Result of SQL [INSERT INTO TODO ( task, completed ) VALUES ( :#task, 0)]","kind":"json-schema","metadata":{"variant":"collection"},"name":"SQL Result","specification":"{\"type\":\"array\",\"$schema\":\"http://json-schema.org/schema#\",\"items\":{\"type\":\"object\",\"title\":\"SQL_PARAM_OUT\",\"properties\":{\"id\":{\"type\":\"integer\",\"required\":true}}}}","type":"SQL_PARAM_OUT"},"propertyDefinitionSteps":[{"description":"Enter a SQL statement that starts with INSERT, SELECT, UPDATE or DELETE.","name":"SQL statement","properties":{"query":{"defaultValue":"INSERT INTO TODO ( task, completed ) VALUES ( :#task, 0)","deprecated":false,"displayName":"SQL statement","group":"common","javaType":"java.lang.String","kind":"path","labelHint":"SQL statement to be executed. Can contain input parameters prefixed by ':#'.","placeholder":"for example ':#MYPARAMNAME'","required":true,"secret":false,"type":"string"}}}]},"id":"sql-connector","name":"Invoke SQL","pattern":"To","tags":["dynamic"]},"configuredProperties":{"query":"INSERT INTO TODO ( task, completed ) VALUES ( :#task, 0)"},"connection":{"configuredProperties":{"password":"»ENC:85fe9deb2ddafddff482914da3d1aceeaa98a97d1152f7a59ca98861845e830d2d985861e617d5cbe4bb147ae2addcff","schema":"sampledb","url":"jdbc:postgresql://syndesis-db:5432/sampledb","user":"sampledb"},"connector":{"actions":[{"actionType":"connector","description":"Invoke SQL to obtain, store, update, or delete data.","descriptor":{"componentScheme":"sql","connectorCustomizers":["io.syndesis.connector.sql.customizer.SqlConnectorCustomizer"],"inputDataShape":{"kind":"json-schema"},"outputDataShape":{"kind":"json-schema"},"propertyDefinitionSteps":[{"description":"Enter a SQL statement that starts with INSERT, SELECT, UPDATE or DELETE.","name":"SQL statement","properties":{"query":{"deprecated":false,"displayName":"SQL statement","group":"common","javaType":"java.lang.String","kind":"path","labelHint":"SQL statement to be executed. Can contain input parameters prefixed by ':#'.","placeholder":"for example ':#MYPARAMNAME'","required":true,"secret":false,"type":"string"}}}]},"id":"sql-connector","name":"Invoke SQL","pattern":"To","tags":["dynamic"]},{"actionType":"connector","description":"Periodically invoke SQL to obtain data.","descriptor":{"componentScheme":"sql","connectorCustomizers":["io.syndesis.connector.sql.customizer.SqlStartConnectorCustomizer"],"inputDataShape":{"kind":"none"},"outputDataShape":{"kind":"json-schema"},"propertyDefinitionSteps":[{"description":"Enter a SQL statement that returns results.","name":"SQL statement","properties":{"query":{"deprecated":false,"displayName":"SQL statement","group":"common","javaType":"java.lang.String","kind":"path","labelHint":"SQL statement to be executed.","order":1,"required":true,"secret":false,"type":"string"},"schedulerExpression":{"defaultValue":"60000","deprecated":false,"displayName":"Period","group":"consumer","javaType":"long","kind":"parameter","labelHint":"Delay between scheduling (executing).","order":2,"required":false,"secret":false,"type":"duration"}}}]},"id":"sql-start-connector","name":"Periodic SQL invocation","pattern":"From","tags":["dynamic"]},{"actionType":"connector","description":"Invoke a stored procedure.","descriptor":{"componentScheme":"sql-stored","connectorCustomizers":["io.syndesis.connector.sql.customizer.SqlStoredConnectorCustomizer"],"inputDataShape":{"kind":"json-schema"},"outputDataShape":{"kind":"json-schema"},"propertyDefinitionSteps":[{"description":"Select the stored procedure.","name":"Procedure name","properties":{"procedureName":{"componentProperty":true,"deprecated":false,"displayName":"Procedure name","group":"common","javaType":"java.lang.String","kind":"property","labelHint":"Name of the stored procedure.","required":false,"secret":false,"type":"string"},"template":{"componentProperty":false,"deprecated":false,"displayName":"Template","group":"producer","javaType":"java.lang.String","kind":"path","labelHint":"Stored procedure template to perform.","required":false,"secret":false,"type":"hidden"}}}]},"id":"sql-stored-connector","name":"Invoke stored procedure","pattern":"To","tags":["dynamic"]},{"actionType":"connector","description":"Periodically invoke a stored procedure.","descriptor":{"componentScheme":"sql-stored","connectorCustomizers":["io.syndesis.connector.sql.customizer.SqlStartStoredConnectorCustomizer"],"inputDataShape":{"kind":"none"},"outputDataShape":{"kind":"json-schema"},"propertyDefinitionSteps":[{"description":"Select the stored procedure.","name":"Procedure name","properties":{"procedureName":{"componentProperty":true,"deprecated":false,"displayName":"Procedure name","group":"producer","javaType":"java.lang.String","kind":"path","labelHint":"Name of the stored procedure.","required":true,"secret":false,"type":"string"},"schedulerExpression":{"defaultValue":"60000","deprecated":false,"displayName":"Period","group":"consumer","javaType":"long","kind":"parameter","labelHint":"Delay between scheduling (executing).","required":false,"secret":false,"type":"duration"},"template":{"componentProperty":false,"deprecated":false,"displayName":"Template","group":"producer","javaType":"java.lang.String","kind":"path","labelHint":"Stored Procedure template to perform.","required":true,"secret":false,"type":"hidden"}}}]},"id":"sql-stored-start-connector","name":"Periodic stored procedure invocation","pattern":"From","tags":["dynamic"]}],"connectorCustomizers":["io.syndesis.connector.sql.customizer.DataSourceCustomizer"],"dependencies":[{"id":"io.syndesis.connector:connector-sql:1.7-SNAPSHOT","type":"MAVEN"},{"id":"jdbc-driver","type":"EXTENSION_TAG"}],"description":"Subscribe for and publish messages.","icon":"assets:sql.svg","id":"sql","name":"Database","properties":{"password":{"componentProperty":true,"deprecated":false,"displayName":"Password","group":"security","javaType":"java.lang.String","kind":"property","label":"common,security","labelHint":"Password for the database connection.","order":3,"required":true,"secret":true,"type":"string"},"schema":{"componentProperty":true,"deprecated":false,"displayName":"Schema","group":"common","javaType":"java.lang.String","kind":"property","label":"common","labelHint":"Database schema.","order":4,"required":false,"secret":false,"type":"string"},"url":{"componentProperty":true,"deprecated":false,"displayName":"Connection URL","group":"common","javaType":"java.lang.String","kind":"property","labelHint":"JDBC URL of the database.","order":1,"required":true,"secret":false,"type":"string"},"user":{"componentProperty":true,"deprecated":false,"displayName":"Username","group":"common","javaType":"java.lang.String","kind":"property","labelHint":"Username for the database connection.","order":2,"required":true,"secret":false,"type":"string"}},"tags":["verifier"],"version":1},"connectorId":"sql","description":"Connection to SampleDB","icon":"assets:sql.svg","id":"5","isDerived":false,"name":"PostgresDB","tags":["sampledb"],"uses":0},"id":"-LhMRSjDmtxc5mryPD9-","metadata":{"configured":"true"},"stepKind":"endpoint"}],"tags":["5","i-LhLQKfMx_IHVe787ScOz"],"type":"PRIMARY"}],"id":"i-LhLdAo-x_IHVe787ScQz","name":"Kafka2Db","tags":["kafka","sql"],"updatedAt":0,"version":1}}}