{"connections":{":i-Lot2YL3nHF1DhlW4-dNz":{"configuredProperties":{"accessKey":"INVALID_KEY","region":"EU_CENTRAL_1","secretKey":"»ENC:00000000000000000000000000000000000000000000000000000000000000000000000000000000000000000000000000000000000000000000000000000000","tableName":"QuickStart"},"connector":{"actions":[{"actionType":"connector","description":"Query items from an AWS Dynamo DB","descriptor":{"componentScheme":"aws-ddb","connectorCustomizers":["io.syndesis.connector.aws.ddb.customizer.DDBConnectorCustomizerQuery"],"inputDataShape":{"kind":"json-schema"},"outputDataShape":{"kind":"json-schema"},"propertyDefinitionSteps":[{"description":"Poll an Amazon DDB Table","name":"Query","properties":{"attributes":{"deprecated":false,"displayName":"Attributes to query","group":"common","javaType":"java.lang.String","kind":"property","labelHint":"Comma separated elements to query. Can contain input parameters prefixed by ':#'. If missing, it will use the parameters from the filter","placeholder":"for example 'attribute1,attribute2,:#attributes'","required":false,"secret":false,"type":"string"},"element":{"deprecated":false,"displayName":"Filter","group":"common","javaType":"java.lang.String","kind":"property","labelHint":"Characteristics of the element to be queried. Can contain input parameters prefixed by ':#'. Should contain at least a key.","placeholder":"for example '{\"key\" : :#MYPARAMNAME}'","required":true,"secret":false,"type":"string"}}}]},"id":"io.syndesis:aws-ddb-query-connector","name":"Query","pattern":"To","tags":["dynamic"]},{"actionType":"connector","description":"Insert an item into an AWS Dynamo DB","descriptor":{"componentScheme":"aws-ddb","connectorCustomizers":["io.syndesis.connector.aws.ddb.customizer.DDBConnectorCustomizerPutItem"],"inputDataShape":{"kind":"json-schema"},"outputDataShape":{"kind":"json-schema"},"propertyDefinitionSteps":[{"description":"Insert an item on a DynamoDB table","name":"Put Item","properties":{"element":{"deprecated":false,"displayName":"JSON definition of the element","group":"common","javaType":"java.lang.String","kind":"property","labelHint":"Element to be inserted. Can contain input parameters prefixed by ':#'.","placeholder":"for example '{key : :#MYPARAMNAME}'","required":true,"secret":false,"type":"string"}}}]},"id":"io.syndesis:aws-ddb-putitem-to-connector","name":"Put Item","pattern":"To","tags":["dynamic"]}],"dependencies":[{"id":"io.syndesis.connector:connector-aws-ddb:1.8-SNAPSHOT","type":"MAVEN"}],"description":"Interact with a Dynamo DB instance.","icon":"assets:sql.svg","id":"aws-ddb","name":"AWS-DDB","properties":{"accessKey":{"deprecated":false,"displayName":"Access Key","group":"common","javaType":"java.lang.String","kind":"parameter","labelHint":"Amazon AWS Access Key","order":1,"raw":true,"required":true,"secret":false,"type":"string"},"region":{"defaultValue":"EU CENTRAL 1","deprecated":false,"displayName":"Region","enum":[{"label":"us-gov-west-1","value":"GovCloud"},{"label":"us-east-1","value":"US_EAST_1"},{"label":"us-east-2","value":"US_EAST_2"},{"label":"us-west-1","value":"US_WEST_1"},{"label":"us-west-2","value":"US_WEST_2"},{"label":"eu-west-1","value":"EU_WEST_1"},{"label":"eu-west-2","value":"EU_WEST_2"},{"label":"eu-west-3","value":"EU_WEST_3"},{"label":"eu-central-1","value":"EU_CENTRAL_1"},{"label":"ap-south-1","value":"AP_SOUTH_1"},{"label":"ap-southeast-1","value":"AP_SOUTHEAST_1"},{"label":"ap-southeast-2","value":"AP_SOUTHEAST_2"},{"label":"ap-northeast-1","value":"AP_NORTHEAST_1"},{"label":"ap-northeast-2","value":"AP_NORTHEAST_2"},{"label":"sa-east-1","value":"SA_EAST_1"},{"label":"cn-north-1","value":"CN_NORTH_1"},{"label":"cn-northwest-1","value":"CN_NORTHWEST_1"}],"group":"producer","javaType":"java.lang.String","kind":"parameter","labelHint":"The region where the bucket is located. This option is used in the com.amazonaws.services.s3.model.CreateBucketRequest.","order":3,"required":true,"secret":false,"type":"string"},"secretKey":{"deprecated":false,"displayName":"Secret Key","group":"common","javaType":"java.lang.String","kind":"parameter","labelHint":"Amazon AWS Secret Key","order":2,"raw":true,"required":true,"secret":true,"type":"string"},"tableName":{"deprecated":false,"displayName":"Table Name","group":"common","javaType":"java.lang.String","kind":"property","labelHint":"Name of the table we are going to interact with","order":4,"required":true,"secret":false,"type":"string"}},"tags":["verifier"],"version":15},"connectorId":"aws-ddb","createdDate":1568620295447,"description":"Interact with a Dynamo DB instance.","icon":"assets:sql.svg","id":"i-Lot2YL3nHF1DhlW4-dNz","isDerived":false,"lastUpdated":1568620295447,"name":"QuickStart Connection","userId":"developer","uses":0},":timer":{"connector":{"actions":[{"actionType":"connector","description":"Specify an amount of time and its unit to periodically trigger integration execution. ","descriptor":{"componentScheme":"timer","configuredProperties":{"timerName":"syndesis-timer"},"inputDataShape":{"kind":"none"},"outputDataShape":{"kind":"none"},"propertyDefinitionSteps":[{"description":"Period","name":"Period","properties":{"period":{"componentProperty":false,"defaultValue":"60000","deprecated":false,"description":"Period","displayName":"Period","javaType":"long","kind":"parameter","labelHint":"Delay between each execution of the integration.","required":true,"secret":false,"type":"duration"}}}]},"id":"io.syndesis:timer-action","name":"Simple","pattern":"From"},{"actionType":"connector","description":"Specify a cron utility expression for a more complex integration execution schedule.","descriptor":{"componentScheme":"quartz2","configuredProperties":{"triggerName":"syndesis-quartz"},"inputDataShape":{"kind":"none"},"outputDataShape":{"kind":"none"},"propertyDefinitionSteps":[{"description":"Cron","name":"cron","properties":{"cron":{"componentProperty":false,"defaultValue":"0 0/1 * * * ?","deprecated":false,"description":"A cron expression, for example the expression for every minute is 0 0/1 * * * ?","displayName":"Cron Expression","javaType":"string","kind":"parameter","labelHint":"Delay between scheduling (executing) the integration expressed as a cron expression","required":true,"secret":false,"type":"string"}}}]},"id":"io.syndesis:timer-chron","name":"Cron","pattern":"From"}],"dependencies":[{"id":"io.syndesis.connector:connector-timer:1.8-SNAPSHOT","type":"MAVEN"},{"id":"org.apache.camel:camel-quartz2:2.21.0.fuse-750007","type":"MAVEN"}],"description":"Trigger events based on an interval or a quartz expression","icon":"assets:timer.svg","id":"timer","metadata":{"hide-from-connection-pages":"true"},"name":"Timer","version":15},"connectorId":"timer","description":"Trigger integration execution based on an interval or a cron expression","icon":"assets:timer.svg","id":"timer","isDerived":false,"metadata":{"hide-from-connection-pages":"true"},"name":"Timer","uses":0}},"connectors":{":aws-ddb":{"actions":[{"actionType":"connector","description":"Query items from an AWS Dynamo DB","descriptor":{"componentScheme":"aws-ddb","connectorCustomizers":["io.syndesis.connector.aws.ddb.customizer.DDBConnectorCustomizerQuery"],"inputDataShape":{"kind":"json-schema"},"outputDataShape":{"kind":"json-schema"},"propertyDefinitionSteps":[{"description":"Poll an Amazon DDB Table","name":"Query","properties":{"attributes":{"deprecated":false,"displayName":"Attributes to query","group":"common","javaType":"java.lang.String","kind":"property","labelHint":"Comma separated elements to query. Can contain input parameters prefixed by ':#'. If missing, it will use the parameters from the filter","placeholder":"for example 'attribute1,attribute2,:#attributes'","required":false,"secret":false,"type":"string"},"element":{"deprecated":false,"displayName":"Filter","group":"common","javaType":"java.lang.String","kind":"property","labelHint":"Characteristics of the element to be queried. Can contain input parameters prefixed by ':#'. Should contain at least a key.","placeholder":"for example '{\"key\" : :#MYPARAMNAME}'","required":true,"secret":false,"type":"string"}}}]},"id":"io.syndesis:aws-ddb-query-connector","name":"Query","pattern":"To","tags":["dynamic"]},{"actionType":"connector","description":"Insert an item into an AWS Dynamo DB","descriptor":{"componentScheme":"aws-ddb","connectorCustomizers":["io.syndesis.connector.aws.ddb.customizer.DDBConnectorCustomizerPutItem"],"inputDataShape":{"kind":"json-schema"},"outputDataShape":{"kind":"json-schema"},"propertyDefinitionSteps":[{"description":"Insert an item on a DynamoDB table","name":"Put Item","properties":{"element":{"deprecated":false,"displayName":"JSON definition of the element","group":"common","javaType":"java.lang.String","kind":"property","labelHint":"Element to be inserted. Can contain input parameters prefixed by ':#'.","placeholder":"for example '{key : :#MYPARAMNAME}'","required":true,"secret":false,"type":"string"}}}]},"id":"io.syndesis:aws-ddb-putitem-to-connector","name":"Put Item","pattern":"To","tags":["dynamic"]}],"dependencies":[{"id":"io.syndesis.connector:connector-aws-ddb:1.8-SNAPSHOT","type":"MAVEN"}],"description":"Interact with a Dynamo DB instance.","icon":"assets:sql.svg","id":"aws-ddb","name":"AWS-DDB","properties":{"accessKey":{"deprecated":false,"displayName":"Access Key","group":"common","javaType":"java.lang.String","kind":"parameter","labelHint":"Amazon AWS Access Key","order":1,"raw":true,"required":true,"secret":false,"type":"string"},"region":{"defaultValue":"EU CENTRAL 1","deprecated":false,"displayName":"Region","enum":[{"label":"us-gov-west-1","value":"GovCloud"},{"label":"us-east-1","value":"US_EAST_1"},{"label":"us-east-2","value":"US_EAST_2"},{"label":"us-west-1","value":"US_WEST_1"},{"label":"us-west-2","value":"US_WEST_2"},{"label":"eu-west-1","value":"EU_WEST_1"},{"label":"eu-west-2","value":"EU_WEST_2"},{"label":"eu-west-3","value":"EU_WEST_3"},{"label":"eu-central-1","value":"EU_CENTRAL_1"},{"label":"ap-south-1","value":"AP_SOUTH_1"},{"label":"ap-southeast-1","value":"AP_SOUTHEAST_1"},{"label":"ap-southeast-2","value":"AP_SOUTHEAST_2"},{"label":"ap-northeast-1","value":"AP_NORTHEAST_1"},{"label":"ap-northeast-2","value":"AP_NORTHEAST_2"},{"label":"sa-east-1","value":"SA_EAST_1"},{"label":"cn-north-1","value":"CN_NORTH_1"},{"label":"cn-northwest-1","value":"CN_NORTHWEST_1"}],"group":"producer","javaType":"java.lang.String","kind":"parameter","labelHint":"The region where the bucket is located. This option is used in the com.amazonaws.services.s3.model.CreateBucketRequest.","order":3,"required":true,"secret":false,"type":"string"},"secretKey":{"deprecated":false,"displayName":"Secret Key","group":"common","javaType":"java.lang.String","kind":"parameter","labelHint":"Amazon AWS Secret Key","order":2,"raw":true,"required":true,"secret":true,"type":"string"},"tableName":{"deprecated":false,"displayName":"Table Name","group":"common","javaType":"java.lang.String","kind":"property","labelHint":"Name of the table we are going to interact with","order":4,"required":true,"secret":false,"type":"string"}},"tags":["verifier"],"version":15},":timer":{"actions":[{"actionType":"connector","description":"Specify an amount of time and its unit to periodically trigger integration execution. ","descriptor":{"componentScheme":"timer","configuredProperties":{"timerName":"syndesis-timer"},"inputDataShape":{"kind":"none"},"outputDataShape":{"kind":"none"},"propertyDefinitionSteps":[{"description":"Period","name":"Period","properties":{"period":{"componentProperty":false,"defaultValue":"60000","deprecated":false,"description":"Period","displayName":"Period","javaType":"long","kind":"parameter","labelHint":"Delay between each execution of the integration.","required":true,"secret":false,"type":"duration"}}}]},"id":"io.syndesis:timer-action","name":"Simple","pattern":"From"},{"actionType":"connector","description":"Specify a cron utility expression for a more complex integration execution schedule.","descriptor":{"componentScheme":"quartz2","configuredProperties":{"triggerName":"syndesis-quartz"},"inputDataShape":{"kind":"none"},"outputDataShape":{"kind":"none"},"propertyDefinitionSteps":[{"description":"Cron","name":"cron","properties":{"cron":{"componentProperty":false,"defaultValue":"0 0/1 * * * ?","deprecated":false,"description":"A cron expression, for example the expression for every minute is 0 0/1 * * * ?","displayName":"Cron Expression","javaType":"string","kind":"parameter","labelHint":"Delay between scheduling (executing) the integration expressed as a cron expression","required":true,"secret":false,"type":"string"}}}]},"id":"io.syndesis:timer-chron","name":"Cron","pattern":"From"}],"dependencies":[{"id":"io.syndesis.connector:connector-timer:1.8-SNAPSHOT","type":"MAVEN"},{"id":"org.apache.camel:camel-quartz2:2.21.0.fuse-750007","type":"MAVEN"}],"description":"Trigger events based on an interval or a quartz expression","icon":"assets:timer.svg","id":"timer","metadata":{"hide-from-connection-pages":"true"},"name":"Timer","version":15}},"integrations":{":i-LoyxEkCPY_BOzXUIZWZz":{"createdAt":1568729672927,"flows":[{"id":"-Loywqgapp8jRex2Lsv3","steps":[{"action":{"actionType":"connector","description":"Specify an amount of time and its unit to periodically trigger integration execution. ","descriptor":{"componentScheme":"timer","configuredProperties":{"timerName":"syndesis-timer"},"inputDataShape":{"kind":"none"},"outputDataShape":{"kind":"none"},"propertyDefinitionSteps":[{"name":"Period","properties":{"period":{"componentProperty":false,"defaultValue":"60000","deprecated":false,"description":"Period","displayName":"Period","javaType":"long","kind":"parameter","labelHint":"Delay between each execution of the integration.","required":true,"secret":false,"type":"duration"}}}]},"id":"io.syndesis:timer-action","name":"Simple","pattern":"From"},"configuredProperties":{"period":"50000"},"connection":{"connector":{"actions":[{"actionType":"connector","description":"Specify an amount of time and its unit to periodically trigger integration execution. ","descriptor":{"componentScheme":"timer","configuredProperties":{"timerName":"syndesis-timer"},"inputDataShape":{"kind":"none"},"outputDataShape":{"kind":"none"},"propertyDefinitionSteps":[{"description":"Period","name":"Period","properties":{"period":{"componentProperty":false,"defaultValue":"60000","deprecated":false,"description":"Period","displayName":"Period","javaType":"long","kind":"parameter","labelHint":"Delay between each execution of the integration.","required":true,"secret":false,"type":"duration"}}}]},"id":"io.syndesis:timer-action","name":"Simple","pattern":"From"},{"actionType":"connector","description":"Specify a cron utility expression for a more complex integration execution schedule.","descriptor":{"componentScheme":"quartz2","configuredProperties":{"triggerName":"syndesis-quartz"},"inputDataShape":{"kind":"none"},"outputDataShape":{"kind":"none"},"propertyDefinitionSteps":[{"description":"Cron","name":"cron","properties":{"cron":{"componentProperty":false,"defaultValue":"0 0/1 * * * ?","deprecated":false,"description":"A cron expression, for example the expression for every minute is 0 0/1 * * * ?","displayName":"Cron Expression","javaType":"string","kind":"parameter","labelHint":"Delay between scheduling (executing) the integration expressed as a cron expression","required":true,"secret":false,"type":"string"}}}]},"id":"io.syndesis:timer-chron","name":"Cron","pattern":"From"}],"dependencies":[{"id":"io.syndesis.connector:connector-timer:1.8-SNAPSHOT","type":"MAVEN"},{"id":"org.apache.camel:camel-quartz2:2.21.0.fuse-750007","type":"MAVEN"}],"description":"Trigger events based on an interval or a quartz expression","icon":"assets:timer.svg","id":"timer","metadata":{"hide-from-connection-pages":"true"},"name":"Timer","version":15},"connectorId":"timer","description":"Trigger integration execution based on an interval or a cron expression","icon":"assets:timer.svg","id":"timer","isDerived":false,"metadata":{"hide-from-connection-pages":"true"},"name":"Timer","uses":0},"id":"-Loywtifpp8jRex2Lsv3","metadata":{"configured":"true"},"stepKind":"endpoint"},{"action":{"actionType":"connector","description":"Insert an item into an AWS Dynamo DB","descriptor":{"componentScheme":"aws-ddb","connectorCustomizers":["io.syndesis.connector.aws.ddb.customizer.DDBConnectorCustomizerPutItem"],"inputDataShape":{"kind":"none","type":"Parameters"},"outputDataShape":{"description":"Attributes on the result.","kind":"json-schema","metadata":{"variant":"collection"},"name":"Result","specification":"{\"type\":\"object\",\"title\":\"Result\",\"properties\":{\"identifier\":{\"type\":\"string\"},\"attr2\":{\"type\":\"string\"},\"attr1\":{\"type\":\"string\"}}}","type":"Result"},"propertyDefinitionSteps":[{"description":"Insert an item on a DynamoDB table","name":"Put Item","properties":{"element":{"deprecated":false,"displayName":"JSON definition of the element","group":"common","javaType":"java.lang.String","kind":"property","labelHint":"Element to be inserted. Can contain input parameters prefixed by ':#'.","placeholder":"for example '{key : :#MYPARAMNAME}'","required":true,"secret":false,"type":"string"}}}]},"id":"io.syndesis:aws-ddb-putitem-to-connector","name":"Put Item","pattern":"To","tags":["dynamic"]},"configuredProperties":{"element":"{\"identifier\":\"IDENT\", \"attr1\":\"visible\", \"attr2\":\"not shown\"}"},"connection":{"configuredProperties":{"accessKey":"INVALID_KEY","region":"EU_CENTRAL_1","secretKey":"»ENC:00000000000000000000000000000000000000000000000000000000000000000000000000000000000000000000000000000000000000000000000000","tableName":"QuickStart"},"connector":{"actions":[{"actionType":"connector","description":"Query items from an AWS Dynamo DB","descriptor":{"componentScheme":"aws-ddb","connectorCustomizers":["io.syndesis.connector.aws.ddb.customizer.DDBConnectorCustomizerQuery"],"inputDataShape":{"kind":"json-schema"},"outputDataShape":{"kind":"json-schema"},"propertyDefinitionSteps":[{"description":"Poll an Amazon DDB Table","name":"Query","properties":{"attributes":{"deprecated":false,"displayName":"Attributes to query","group":"common","javaType":"java.lang.String","kind":"property","labelHint":"Comma separated elements to query. Can contain input parameters prefixed by ':#'. If missing, it will use the parameters from the filter","placeholder":"for example 'attribute1,attribute2,:#attributes'","required":false,"secret":false,"type":"string"},"element":{"deprecated":false,"displayName":"Filter","group":"common","javaType":"java.lang.String","kind":"property","labelHint":"Characteristics of the element to be queried. Can contain input parameters prefixed by ':#'. Should contain at least a key.","placeholder":"for example '{\"key\" : :#MYPARAMNAME}'","required":true,"secret":false,"type":"string"}}}]},"id":"io.syndesis:aws-ddb-query-connector","name":"Query","pattern":"To","tags":["dynamic"]},{"actionType":"connector","description":"Insert an item into an AWS Dynamo DB","descriptor":{"componentScheme":"aws-ddb","connectorCustomizers":["io.syndesis.connector.aws.ddb.customizer.DDBConnectorCustomizerPutItem"],"inputDataShape":{"kind":"json-schema"},"outputDataShape":{"kind":"json-schema"},"propertyDefinitionSteps":[{"description":"Insert an item on a DynamoDB table","name":"Put Item","properties":{"element":{"deprecated":false,"displayName":"JSON definition of the element","group":"common","javaType":"java.lang.String","kind":"property","labelHint":"Element to be inserted. Can contain input parameters prefixed by ':#'.","placeholder":"for example '{key : :#MYPARAMNAME}'","required":true,"secret":false,"type":"string"}}}]},"id":"io.syndesis:aws-ddb-putitem-to-connector","name":"Put Item","pattern":"To","tags":["dynamic"]}],"dependencies":[{"id":"io.syndesis.connector:connector-aws-ddb:1.8-SNAPSHOT","type":"MAVEN"}],"description":"Interact with a Dynamo DB instance.","icon":"assets:sql.svg","id":"aws-ddb","name":"AWS-DDB","properties":{"accessKey":{"deprecated":false,"displayName":"Access Key","group":"common","javaType":"java.lang.String","kind":"parameter","labelHint":"Amazon AWS Access Key","order":1,"raw":true,"required":true,"secret":false,"type":"string"},"region":{"defaultValue":"EU CENTRAL 1","deprecated":false,"displayName":"Region","enum":[{"label":"us-gov-west-1","value":"GovCloud"},{"label":"us-east-1","value":"US_EAST_1"},{"label":"us-east-2","value":"US_EAST_2"},{"label":"us-west-1","value":"US_WEST_1"},{"label":"us-west-2","value":"US_WEST_2"},{"label":"eu-west-1","value":"EU_WEST_1"},{"label":"eu-west-2","value":"EU_WEST_2"},{"label":"eu-west-3","value":"EU_WEST_3"},{"label":"eu-central-1","value":"EU_CENTRAL_1"},{"label":"ap-south-1","value":"AP_SOUTH_1"},{"label":"ap-southeast-1","value":"AP_SOUTHEAST_1"},{"label":"ap-southeast-2","value":"AP_SOUTHEAST_2"},{"label":"ap-northeast-1","value":"AP_NORTHEAST_1"},{"label":"ap-northeast-2","value":"AP_NORTHEAST_2"},{"label":"sa-east-1","value":"SA_EAST_1"},{"label":"cn-north-1","value":"CN_NORTH_1"},{"label":"cn-northwest-1","value":"CN_NORTHWEST_1"}],"group":"producer","javaType":"java.lang.String","kind":"parameter","labelHint":"The region where the bucket is located. This option is used in the com.amazonaws.services.s3.model.CreateBucketRequest.","order":3,"required":true,"secret":false,"type":"string"},"secretKey":{"deprecated":false,"displayName":"Secret Key","group":"common","javaType":"java.lang.String","kind":"parameter","labelHint":"Amazon AWS Secret Key","order":2,"raw":true,"required":true,"secret":true,"type":"string"},"tableName":{"deprecated":false,"displayName":"Table Name","group":"common","javaType":"java.lang.String","kind":"property","labelHint":"Name of the table we are going to interact with","order":4,"required":true,"secret":false,"type":"string"}},"tags":["verifier"],"version":15},"connectorId":"aws-ddb","createdDate":1568620295447,"description":"Interact with a Dynamo DB instance.","icon":"assets:sql.svg","id":"i-Lot2YL3nHF1DhlW4-dNz","isDerived":false,"lastUpdated":1568620295447,"name":"QuickStart Connection","userId":"developer","uses":0},"id":"-LozYHGUpp8jRex2Lsv3","metadata":{"configured":"true"},"stepKind":"endpoint"},{"configuredProperties":{"bodyLoggingEnabled":"true","contextLoggingEnabled":"false"},"id":"-LozYJbtpp8jRex2Lsv3","metadata":{"configured":"true"},"name":"Log","stepKind":"log"},{"action":{"actionType":"step","descriptor":{"inputDataShape":{"kind":"any","name":"All preceding outputs"},"outputDataShape":{"description":"Query parameters.","kind":"json-schema","metadata":{"variant":"element"},"name":"Parameters","specification":"{\"type\":\"object\",\"title\":\"Parameters\",\"properties\":{\":#KEY\":{\"type\":\"string\"}}}","type":"Parameters"}}},"configuredProperties":{"atlasmapping":"{\"AtlasMapping\":{\"jsonType\":\"io.atlasmap.v2.AtlasMapping\",\"dataSource\":[{\"jsonType\":\"io.atlasmap.json.v2.JsonDataSource\",\"id\":\"-LozYHGUpp8jRex2Lsv3\",\"uri\":\"atlas:json:-LozYHGUpp8jRex2Lsv3\",\"dataSourceType\":\"SOURCE\"},{\"jsonType\":\"io.atlasmap.json.v2.JsonDataSource\",\"id\":\"-LozYP9Opp8jRex2Lsv3\",\"uri\":\"atlas:json:-LozYP9Opp8jRex2Lsv3\",\"dataSourceType\":\"TARGET\",\"template\":null}],\"mappings\":{\"mapping\":[{\"jsonType\":\"io.atlasmap.v2.Mapping\",\"id\":\"mapping.890209\",\"inputField\":[{\"jsonType\":\"io.atlasmap.json.v2.JsonField\",\"name\":\"identifier\",\"path\":\"/identifier\",\"fieldType\":\"STRING\",\"docId\":\"-LozYHGUpp8jRex2Lsv3\",\"userCreated\":false}],\"outputField\":[{\"jsonType\":\"io.atlasmap.json.v2.JsonField\",\"name\":\":#KEY\",\"path\":\"/:#KEY\",\"fieldType\":\"STRING\",\"docId\":\"-LozYP9Opp8jRex2Lsv3\",\"userCreated\":false}]}]},\"name\":\"UI.535529\",\"lookupTables\":{\"lookupTable\":[]},\"constants\":{\"constant\":[]},\"properties\":{\"property\":[]}}}"},"id":"-LozYPAWpp8jRex2Lsv3","metadata":{"configured":"true"},"name":"Data Mapper","stepKind":"mapper"},{"action":{"actionType":"connector","description":"Query items from an AWS Dynamo DB","descriptor":{"componentScheme":"aws-ddb","connectorCustomizers":["io.syndesis.connector.aws.ddb.customizer.DDBConnectorCustomizerQuery"],"inputDataShape":{"description":"Query parameters.","kind":"json-schema","metadata":{"variant":"element"},"name":"Parameters","specification":"{\"type\":\"object\",\"title\":\"Parameters\",\"properties\":{\":#KEY\":{\"type\":\"string\"}}}","type":"Parameters"},"outputDataShape":{"description":"Attributes on the result.","kind":"json-schema","metadata":{"variant":"collection"},"name":"Result","specification":"{\"type\":\"object\",\"title\":\"Result\",\"properties\":{\"identifier\":{\"type\":\"string\"},\"attr1\":{\"type\":\"string\"}}}","type":"Result"},"propertyDefinitionSteps":[{"description":"Poll an Amazon DDB Table","name":"Query","properties":{"attributes":{"deprecated":false,"displayName":"Attributes to query","group":"common","javaType":"java.lang.String","kind":"property","labelHint":"Comma separated elements to query. Can contain input parameters prefixed by ':#'. If missing, it will use the parameters from the filter","placeholder":"for example 'attribute1,attribute2,:#attributes'","required":false,"secret":false,"type":"string"},"element":{"deprecated":false,"displayName":"Filter","group":"common","javaType":"java.lang.String","kind":"property","labelHint":"Characteristics of the element to be queried. Can contain input parameters prefixed by ':#'. Should contain at least a key.","placeholder":"for example '{\"key\" : :#MYPARAMNAME}'","required":true,"secret":false,"type":"string"}}}]},"id":"io.syndesis:aws-ddb-query-connector","name":"Query","pattern":"To","tags":["dynamic"]},"configuredProperties":{"attributes":"identifier, attr1","element":"{\"identifier\":\":#KEY\"}"},"connection":{"configuredProperties":{"accessKey":"INVALID_KEY","region":"EU_CENTRAL_1","secretKey":"»ENC:0000000000000000000000000000000000000000000000000000000000000000000000000000000000000000000000000000000000000000000000000000000","tableName":"QuickStart"},"connector":{"actions":[{"actionType":"connector","description":"Query items from an AWS Dynamo DB","descriptor":{"componentScheme":"aws-ddb","connectorCustomizers":["io.syndesis.connector.aws.ddb.customizer.DDBConnectorCustomizerQuery"],"inputDataShape":{"kind":"json-schema"},"outputDataShape":{"kind":"json-schema"},"propertyDefinitionSteps":[{"description":"Poll an Amazon DDB Table","name":"Query","properties":{"attributes":{"deprecated":false,"displayName":"Attributes to query","group":"common","javaType":"java.lang.String","kind":"property","labelHint":"Comma separated elements to query. Can contain input parameters prefixed by ':#'. If missing, it will use the parameters from the filter","placeholder":"for example 'attribute1,attribute2,:#attributes'","required":false,"secret":false,"type":"string"},"element":{"deprecated":false,"displayName":"Filter","group":"common","javaType":"java.lang.String","kind":"property","labelHint":"Characteristics of the element to be queried. Can contain input parameters prefixed by ':#'. Should contain at least a key.","placeholder":"for example '{\"key\" : :#MYPARAMNAME}'","required":true,"secret":false,"type":"string"}}}]},"id":"io.syndesis:aws-ddb-query-connector","name":"Query","pattern":"To","tags":["dynamic"]},{"actionType":"connector","description":"Insert an item into an AWS Dynamo DB","descriptor":{"componentScheme":"aws-ddb","connectorCustomizers":["io.syndesis.connector.aws.ddb.customizer.DDBConnectorCustomizerPutItem"],"inputDataShape":{"kind":"json-schema"},"outputDataShape":{"kind":"json-schema"},"propertyDefinitionSteps":[{"description":"Insert an item on a DynamoDB table","name":"Put Item","properties":{"element":{"deprecated":false,"displayName":"JSON definition of the element","group":"common","javaType":"java.lang.String","kind":"property","labelHint":"Element to be inserted. Can contain input parameters prefixed by ':#'.","placeholder":"for example '{key : :#MYPARAMNAME}'","required":true,"secret":false,"type":"string"}}}]},"id":"io.syndesis:aws-ddb-putitem-to-connector","name":"Put Item","pattern":"To","tags":["dynamic"]}],"dependencies":[{"id":"io.syndesis.connector:connector-aws-ddb:1.8-SNAPSHOT","type":"MAVEN"}],"description":"Interact with a Dynamo DB instance.","icon":"assets:sql.svg","id":"aws-ddb","name":"AWS-DDB","properties":{"accessKey":{"deprecated":false,"displayName":"Access Key","group":"common","javaType":"java.lang.String","kind":"parameter","labelHint":"Amazon AWS Access Key","order":1,"raw":true,"required":true,"secret":false,"type":"string"},"region":{"defaultValue":"EU CENTRAL 1","deprecated":false,"displayName":"Region","enum":[{"label":"us-gov-west-1","value":"GovCloud"},{"label":"us-east-1","value":"US_EAST_1"},{"label":"us-east-2","value":"US_EAST_2"},{"label":"us-west-1","value":"US_WEST_1"},{"label":"us-west-2","value":"US_WEST_2"},{"label":"eu-west-1","value":"EU_WEST_1"},{"label":"eu-west-2","value":"EU_WEST_2"},{"label":"eu-west-3","value":"EU_WEST_3"},{"label":"eu-central-1","value":"EU_CENTRAL_1"},{"label":"ap-south-1","value":"AP_SOUTH_1"},{"label":"ap-southeast-1","value":"AP_SOUTHEAST_1"},{"label":"ap-southeast-2","value":"AP_SOUTHEAST_2"},{"label":"ap-northeast-1","value":"AP_NORTHEAST_1"},{"label":"ap-northeast-2","value":"AP_NORTHEAST_2"},{"label":"sa-east-1","value":"SA_EAST_1"},{"label":"cn-north-1","value":"CN_NORTH_1"},{"label":"cn-northwest-1","value":"CN_NORTHWEST_1"}],"group":"producer","javaType":"java.lang.String","kind":"parameter","labelHint":"The region where the bucket is located. This option is used in the com.amazonaws.services.s3.model.CreateBucketRequest.","order":3,"required":true,"secret":false,"type":"string"},"secretKey":{"deprecated":false,"displayName":"Secret Key","group":"common","javaType":"java.lang.String","kind":"parameter","labelHint":"Amazon AWS Secret Key","order":2,"raw":true,"required":true,"secret":true,"type":"string"},"tableName":{"deprecated":false,"displayName":"Table Name","group":"common","javaType":"java.lang.String","kind":"property","labelHint":"Name of the table we are going to interact with","order":4,"required":true,"secret":false,"type":"string"}},"tags":["verifier"],"version":15},"connectorId":"aws-ddb","createdDate":1568620295447,"description":"Interact with a Dynamo DB instance.","icon":"assets:sql.svg","id":"i-Lot2YL3nHF1DhlW4-dNz","isDerived":false,"lastUpdated":1568620295447,"name":"QuickStart Connection","userId":"developer","uses":0},"id":"-LozYP9Opp8jRex2Lsv3","metadata":{"configured":"true"},"stepKind":"endpoint"},{"configuredProperties":{"bodyLoggingEnabled":"true","contextLoggingEnabled":"false"},"id":"-LoywveUpp8jRex2Lsv3","metadata":{"configured":"true"},"name":"Log","stepKind":"log"}],"tags":["i-LodXuTknCoeEacba3-xz","i-Lot2YL3nHF1DhlW4-dNz","timer"],"type":"PRIMARY"}],"id":"i-LoyxEkCPY_BOzXUIZWZz","name":"QuickStart Syndesis","tags":["aws-ddb","timer"],"updatedAt":1568729672921,"version":5}}}
